symbol,market,trade_date,close,weekly_rsi,monthly_rsi,resonance,rsi_14,frac_balance_10,frac_balance_20,atr_ratio,fusion_score
00023.HK,HK,2026-04-17,13.77,49.83416664015603,50.29426298152864,0.0,50.464830436198355,-0.5,0.0,1.991907874260816,-0.1460337971855985
00066.HK,HK,2026-04-17,33.62,52.76738094868135,59.72554028999715,0.0,51.98952002064624,0.0,0.5,2.0396022775558764,0.22979330431471362
00101.HK,HK,2026-04-17,9.24,52.913945731409164,51.155511206668294,0.0,51.3736101161366,0.0,0.0,2.566481137909709,0.05222679835760804
00135.HK,HK,2026-04-17,7.42,30.923313894900915,34.67765266481376,0.0,38.96214175893272,-0.5,0.0,2.435502502887946,-0.4213635827676717
00241.HK,HK,2026-04-17,4.68,19.762386324830274,27.935328363254484,0.75,43.13127715231691,-0.5,0.25,3.968253968253968,-0.6534987879185443
00347.HK,HK,2026-04-17,1.51,23.986809046487537,18.864812791379563,0.75,36.213913901400616,-0.25,0.0,3.689687795648062,-0.6546717172961446
00386.HK,HK,2026-04-17,4.54,28.837595428202818,39.38931261971308,0.5,39.39780104959651,-0.5,0.5,2.533039647577093,-0.3973624963847806
00388.HK,HK,2026-04-17,406.4,55.795573211417725,44.67405001592583,0.0,52.135673523542486,-0.5,0.25,2.133717660292461,-0.03149606880996742
00493.HK,HK,2026-04-17,0.013,33.27927610306159,15.917510784823634,0.25,42.10006278928303,-0.5,-0.3636363636363636,10.439560439560442,-0.626280151782686
00525.HK,HK,2026-04-17,2.26,59.985074505638785,64.63430255056382,0.0,54.24529847613465,-0.5,0.0,3.4766118836915285,0.01830944354635846
00688.HK,HK,2026-04-17,12.65,50.703912745403606,31.94365226009532,0.0,53.76895388365056,0.0,0.5,2.704686617730097,0.10867124706366918
00700.HK,HK,2026-04-17,506.0,39.12401180283004,22.140668436813385,0.25,47.785462180555804,0.0,0.5,2.8670242800677577,-0.11782821985714403
00823.HK,HK,2026-04-17,38.42,72.76353278291957,66.86715435807957,-0.5,60.67660387834693,0.0,0.5,1.825686026623036,0.5960645849869283
00857.HK,HK,2026-04-17,10.54,59.32489983054381,89.27074488535331,-0.25,49.62312132440144,0.5,0.0,3.171591217132013,0.4774611896011584
00881.HK,HK,2026-04-17,7.55,15.461749497152354,13.598054109350088,1.75,28.293087183179637,0.0,0.0,4.957426679280983,-0.9364099595062512
00939.HK,HK,2026-04-17,8.61,81.81409618635841,85.66963861502776,-0.75,68.63350284381579,-0.5,-0.4,1.6343122614899632,0.4131850216145912
00941.HK,HK,2026-04-17,81.55,70.41792320071009,52.69420390160501,-0.5,66.22340772934105,0.0,0.5,1.1955855303494796,0.5330613025693718
00995.HK,HK,2026-04-17,15.39,80.9404634930302,88.66684978257105,-0.75,66.15218561099982,0.5,0.25,2.988953866146848,0.9226223750959243
01024.HK,HK,2026-04-17,46.22,16.387378414575807,17.38829142640725,0.75,34.82653177816415,-0.5,0.0,4.622303270074798,-0.8201629570613292
01093.HK,HK,2026-04-17,8.82,40.24294116069208,42.64175748936073,0.0,45.04384787086553,-0.5,0.0,5.596047942986719,-0.2836290170553014
01109.HK,HK,2026-04-17,31.5,69.16242698628986,65.28904030981127,0.0,63.72895358778919,0.0,0.6666666666666666,2.829931972789117,0.4910886529055751
01113.HK,HK,2026-04-17,47.18,57.88505170720278,88.53632229421233,-0.25,53.25210933359283,0.0,0.0,2.286077635802096,0.30728858298343154
01128.HK,HK,2026-04-17,5.68,51.91517144391816,37.109033438190465,0.0,52.182978820160436,-0.5,-0.25,2.263581488933605,-0.2435212620293226
01171.HK,HK,2026-04-17,14.29,46.49386076458882,63.95142559269708,0.0,44.94016126826756,0.5,0.0,4.858542437268821,0.18310337654951214
01177.HK,HK,2026-04-17,5.97,42.88700637739249,25.585594501078305,0.25,47.888891822663105,-0.5,0.0,4.857621440536013,-0.37448208857315507
01211.HK,HK,2026-04-17,110.8,79.65760179912243,77.9787240818596,-0.75,59.090980667414506,0.0,-0.5,4.428829293450233,0.47202443807631733
01398.HK,HK,2026-04-17,7.0,83.32396430209732,90.59158540589587,-0.75,67.07995970934276,0.0,-0.25,1.765306122448981,0.6486034032566371
01513.HK,HK,2026-04-17,28.84,57.079484117693234,33.118034976504134,0.0,53.78683974536289,-0.5,0.0,3.0612244897959173,-0.1308884659493359
01548.HK,HK,2026-04-17,13.66,76.20060480605272,54.151387960236484,-0.5,69.35582772845332,0.0,0.5,4.099560761346996,0.6037356353964332
01579.HK,HK,2026-04-17,15.56,48.48158989308025,70.04133696420499,-0.25,46.37118405260743,0.0,0.25,3.966213734851267,0.19940460861503878
01628.HK,HK,2026-04-17,0.191,62.905584135296,67.64216223025204,0.0,58.33434515979157,-0.5,0.0,15.706806282722512,0.06887056129194602
01638.HK,HK,2026-04-17,0.088,56.22812413300847,25.679822742162614,0.25,53.4103116471557,0.0,0.0,9.821428571428571,-0.06586204146288994
01766.HK,HK,2026-04-17,5.1,25.935039298868347,9.441732021511896,0.75,40.45038755476845,-0.5,-0.25,3.207282913165265,-0.8140401672709492
01775.HK,HK,2026-04-17,0.45,48.11855126312579,74.13386727429827,-0.25,48.79800778298138,0.0,0.4,6.349206349206352,0.2608769007464245
01797.HK,HK,2026-04-17,27.88,55.86210671600604,67.64302699455368,0.0,51.40466807344485,-0.5,0.0,6.533101045296169,-0.018284289589610894
01800.HK,HK,2026-04-17,4.57,19.62225569728463,12.800665173058448,0.75,36.38524314455585,0.0,0.5,2.453891841200375,-0.4943032319065196
01810.HK,HK,2026-04-17,31.54,35.742958956564635,6.479707392288333,0.25,44.58503029469088,0.0,0.0,3.618987227103904,-0.3636597496008842
01833.HK,HK,2026-04-17,12.01,39.40463901687212,29.114192202402165,0.25,48.13276406166224,-0.5,-0.25,4.853098608302603,-0.4675688671855446
01848.HK,HK,2026-04-17,3.93,29.579260192109572,22.165655601074178,0.75,42.235800275248174,-0.6666666666666666,-0.25,2.78080697928026,-0.7793707760589778
01876.HK,HK,2026-04-17,7.36,42.80418589774973,15.64891560814415,0.25,45.176426160988484,-0.5,0.0,2.183618012422361,-0.4196853902022825
01919.HK,HK,2026-04-17,14.82,43.53011129892756,55.607698521072685,0.0,42.66381512467654,-0.5,-0.25,2.433969539232696,-0.2804634533817957
01928.HK,HK,2026-04-17,17.35,53.95539329454433,35.743537729798774,0.0,52.275270781372456,-0.5,0.0,2.696582955948953,-0.15570546269525753
01959.HK,HK,2026-04-17,4.37,61.68656147139906,86.66709187013491,-0.25,56.67020524399041,0.5,0.25,9.44753187316117,0.5811758979055749
01972.HK,HK,2026-04-17,24.96,58.13279324280589,73.30538049910959,-0.25,55.413985314685775,0.0,0.1666666666666666,2.9761904761904807,0.30587432836528966
02015.HK,HK,2026-04-17,70.9,52.903207857341116,39.071825734901594,0.0,51.2864788839059,-0.5,0.0,3.621801329840821,-0.1560163198043331
02020.HK,HK,2026-04-17,84.3,70.59825581349492,58.22879554629546,-0.5,62.41978599784514,0.0,0.5,2.5843077444500944,0.5462754370291023
02057.HK,HK,2026-04-17,194.9,65.79869502352216,77.41307146026703,-0.25,54.31262024478058,0.0,0.25,3.309389430477166,0.41883090788996524
02126.HK,HK,2026-04-17,2.39,70.48953308963587,39.6504527145064,-0.5,61.32982722263892,0.0,0.0,5.947399880454272,0.3271242013999085
02171.HK,HK,2026-04-17,24.06,89.18016101778991,83.19921277986859,-1.75,80.55110929374526,-0.5,0.0,5.63472271701698,0.8612977569178774
02186.HK,HK,2026-04-17,2.87,74.3598108319277,54.38686216948265,-0.5,59.53599704695605,0.0,0.5,5.176704828272775,0.5618143626698039
02196.HK,HK,2026-04-17,19.98,56.11653431017032,38.50210683497744,0.0,51.65237153611463,-0.5,0.0,3.6572286572286576,-0.125402165193869
02197.HK,HK,2026-04-17,2.9,70.99592959873388,80.7052606133038,-0.75,60.618042164778316,0.0,0.6666666666666666,6.921182266009854,0.7387513229204932
02282.HK,HK,2026-04-17,11.31,30.087761582312623,22.86831333727598,0.25,44.97178153579335,-0.5,-0.25,3.056713401540985,-0.5914688771956098
02314.HK,HK,2026-04-17,3.29,23.057343299640124,42.30311935031098,0.5,37.06286952827042,0.0,0.5,3.755970473295699,-0.2872814515184291
02318.HK,HK,2026-04-17,60.9,36.685397724179516,35.43965074763325,0.0,44.58942605724285,0.0,0.5,2.932207365704901,-0.040032396147539756
02328.HK,HK,2026-04-17,14.27,26.20769550808012,15.320154627224426,0.75,36.59647752406881,-0.5,0.0,3.383722094303734,-0.7262093677567951
02331.HK,HK,2026-04-17,20.82,42.63285872098702,66.9826785031116,0.0,45.14397987810319,-0.5,-0.6666666666666666,3.616028543982432,-0.36099204347187835
02333.HK,HK,2026-04-17,12.9,46.33214437783595,25.008710865035553,0.25,47.74680860130474,0.0,0.5,4.191583610188261,-0.035617138921570694
02357.HK,HK,2026-04-17,3.59,41.59257194989932,19.7981115108023,0.25,46.78507467134466,0.0,0.5,2.4870672502984483,-0.10472266405353077
02359.HK,HK,2026-04-17,121.8,56.59308544820527,62.90391999126816,0.0,52.23907297663194,0.0,0.5,4.116819141449681,0.28036867541797134
02376.HK,HK,2026-04-17,1.68,26.86032805623772,8.492014635664901,0.75,32.17555984346872,-0.5,0.0,9.31122448979592,-0.7566338792609764
02382.HK,HK,2026-04-17,63.5,72.56557821807306,52.65388661890717,-0.5,65.61114015378999,0.0,0.5,3.661417322834646,0.5526674348696667
02607.HK,HK,2026-04-17,11.62,49.09656204751673,33.748992265567395,0.0,48.583293993889356,-0.5,0.0,1.702729284484876,-0.22065434574922377
02628.HK,HK,2026-04-17,27.4,43.76842172707252,38.44837720999414,0.0,49.03534850220146,0.0,0.5,3.826903023983314,0.05268876967250672
02638.HK,HK,2026-04-17,6.4,20.360635272424815,39.57459218008691,0.5,38.12881287274037,-0.5,0.25,1.25,-0.5563963248491406
02669.HK,HK,2026-04-17,4.06,37.616560270961294,10.023886427493366,0.25,46.78523511282977,0.5,0.75,2.5510204081632644,0.05360435525759294
02688.HK,HK,2026-04-17,61.05,25.426772351989612,15.498405870872404,0.75,30.051643243068327,-0.5,0.0,2.509652509652508,-0.749648093624417
02768.HK,HK,2026-04-17,47.44,50.0,99.99992725672097,-0.25,50.0,0.1,0.0333333333333333,7.417941459889183,0.30647133452724656
02800.HK,HK,2026-04-17,25.56,23.54858526237514,33.86329515932738,0.5,40.566352243522246,0.5,0.5,1.984126984126984,-0.1433833292738626
02828.HK,HK,2026-04-17,87.8,20.079715373020335,22.283863241710293,0.75,40.4202969963436,0.0,0.5,1.8841522941750763,-0.44379345066604087
02934.HK,HK,2026-04-17,2982.0,84.30626074836452,30.773188643049295,-1.5,73.20066346865883,0.0,0.0,6.407492574494587,0.6987835513174436
03033.HK,HK,2026-04-17,4.77,13.288366998212467,18.646820308159505,0.75,36.16330324648982,0.5,0.5,2.906558849955075,-0.37332990252995646
03188.HK,HK,2026-04-17,54.34,41.98698342079369,81.26043990092836,-0.25,46.24889949820187,0.5,0.0,1.90335979809664,0.2668371736044879
03319.HK,HK,2026-04-17,1.93,43.06454391069749,8.447356220561815,0.25,49.46449394728838,0.0,0.5,3.663952627683198,-0.12637569989478548
03320.HK,HK,2026-04-17,6.38,91.7080350050438,92.39125207739583,-1.75,75.46229234295521,0.0,0.5,3.683385579937305,1.2156579560111374
03383.HK,HK,2026-04-17,0.244,31.828984523080763,14.122866914627267,0.25,40.139147028203176,0.0,0.0,3.1323185011709618,-0.38466197941798375
03690.HK,HK,2026-04-17,85.25,54.738599156777205,32.755785310058386,0.0,51.499745447398524,0.0,0.0,4.893171344784248,0.001012032134689263
03800.HK,HK,2026-04-17,0.96,41.31599662769471,25.211930448737448,0.25,44.743598334454134,0.0,0.5,4.538690476190479,-0.09208699051474101
03888.HK,HK,2026-04-17,24.24,48.38391005227695,19.35564254969566,0.25,51.264652085020174,0.0,0.0,4.467232437529469,-0.17291963837765081
03968.HK,HK,2026-04-17,51.0,71.90203589011448,75.14370805777038,-0.75,63.24968420799903,0.0,0.5,1.6918767507002823,0.6849227936521678
03988.HK,HK,2026-04-17,5.09,86.58616137064021,84.76957996373162,-1.75,70.48804960876588,0.0,0.0,1.5997754701094553,0.9785501400245254
03993.HK,HK,2026-04-17,19.22,52.01076164039184,51.122168971797855,0.0,52.619947073830744,0.0,0.5,4.846142411178831,0.19131739738076828
06030.HK,HK,2026-04-17,26.56,55.1278773982249,38.57306025066936,0.0,55.35315299984302,-0.5,0.25,3.716652323580035,-0.053150837830872294
06049.HK,HK,2026-04-17,31.46,36.047371144563655,20.441108835226203,0.25,47.62460613053454,-0.5,0.0,1.8254472799927373,-0.4624112706853892
06098.HK,HK,2026-04-17,6.23,58.042248349122815,45.83478154619075,0.0,54.00989130793187,0.0,0.5,2.728731942215088,0.2345802031337459
06110.HK,HK,2026-04-17,2.92,58.124844436430614,45.02380923360719,0.0,55.900324125481426,0.5,0.6666666666666666,3.546966731898237,0.44760826306461154
06160.HK,HK,2026-04-17,191.5,61.56430264735645,50.84375440520929,0.0,57.36080509426415,-0.5,0.0,3.480044759418128,-0.010420854425892478
06169.HK,HK,2026-04-17,0.46,20.29321774340538,24.895212669929734,0.75,34.245279969368454,-0.5,0.0,3.2608695652173862,-0.7544936349953366
06186.HK,HK,2026-04-17,3.35,13.27736651567966,8.431638318473688,0.75,30.80109455733924,0.0,0.0,3.219616204690831,-0.7327538237574764
06618.HK,HK,2026-04-17,48.18,33.27754402814597,25.83448078872189,0.25,44.83368000045098,-0.5,0.0,4.529146652434322,-0.47644391962751437
06639.HK,HK,2026-04-17,1.83,44.108034584031465,19.32621441453368,0.25,51.08303645153365,0.0,0.0,0.0,-0.21587312312409052
06655.HK,HK,2026-04-17,17.21,53.56465359272147,55.22849573350218,0.0,51.578830401763035,-0.5,0.0,4.727318004482442,-0.08759638351966585
06690.HK,HK,2026-04-17,21.04,14.235198745654344,15.579784951086452,0.75,33.48726553254524,0.5,0.5,3.3134166214014105,-0.382242396101643
06699.HK,HK,2026-04-17,90.0,85.8256569102322,83.05645259895063,-1.75,78.59509327890068,0.0,0.6666666666666666,4.035714285714286,1.178212086329202
06865.HK,HK,2026-04-17,9.38,42.94742106932102,32.20210583266278,0.0,46.22091360470598,0.0,0.5,5.003045994517208,0.013875922949246123
06878.HK,HK,2026-04-17,0.037,2.8999428717061875,8.630352170247036,1.75,16.689663399995553,0.0,0.0,0.0,-1.1087600502613915
06887.HK,HK,2026-04-17,44.18,59.29260790074967,46.29179530788134,0.0,55.116115847696065,-0.5,-0.25,2.7678975619220068,-0.12830516397035888
06888.HK,HK,2026-04-17,0.137,35.68561147175838,35.29311580112282,0.0,38.26267172622177,0.0,-0.0833333333333333,9.071949947862358,-0.23555213890784826
07500.HK,HK,2026-04-17,1.838,75.23272120936868,56.97967335109271,-0.5,58.278574826446295,-0.5,-0.5,3.917301414581068,0.12482953375571164
08083.HK,HK,2026-04-17,0.161,83.67098324004596,61.92049976925008,-1.5,74.1227577579688,0.0,0.0,5.767524401064774,0.8126437017459581
09618.HK,HK,2026-04-17,121.7,75.79577751026497,68.31851086423951,-0.5,68.5829817739314,0.5,0.0,2.7350628007982145,0.668538415227731
09863.HK,HK,2026-04-17,56.65,87.2182661225347,75.43102363846509,-1.75,73.65386413939714,0.0,0.0,4.38280166435506,0.9574014919939784
09888.HK,HK,2026-04-17,121.7,58.57460188406701,44.06564186714748,0.0,58.06234990629137,0.0,0.5,3.6976170912078894,0.24330080098006113
09988.HK,HK,2026-04-17,135.6,56.787484982895414,29.66619985318229,0.25,56.56617231375947,0.5,0.25,3.682048040455119,0.1973847622431745
09999.HK,HK,2026-04-17,182.1,52.11140248087373,18.659562853890094,0.25,52.94727611430546,-0.5,0.0,2.961481132815565,-0.2965907804015192
000001.SZ,CSI300,2026-04-16,11.09,58.09142590218326,39.362866116639225,0.0,51.999279989796854,0.0,0.0,0.0130801574165184,0.1043385175252159
000002.SZ,CSI300,2026-04-16,3.96,22.09749410366379,4.428877023116414,0.75,38.63924479458332,0.0,0.0,0.0271018328255624,-0.6166822214691617
000063.SZ,CSI300,2026-04-16,35.4,48.06975119575339,28.545471378085395,0.25,53.70481912245632,0.0,0.0,0.0303659575131702,-0.09533915323180721
000100.SZ,CSI300,2026-04-16,4.33,28.760772763707408,28.635844658909306,0.75,44.87197580036251,0.0,0.0,0.0282324098122341,-0.4483011401209489
000157.SZ,CSI300,2026-04-16,8.2,24.14658543719115,36.00828679112627,0.5,38.20929276396352,0.0,0.0,0.0377850732348351,-0.4190619846243366
000166.SZ,CSI300,2026-04-16,4.75,34.23805108239675,20.515681286392336,0.25,47.24962362066983,0.0,0.0,0.0186508696515222,-0.27834004996340683
000301.SZ,CSI300,2026-04-16,11.54,51.555769985910715,59.26107614351691,0.0,52.53345633117091,0.0,0.0,0.0384462405767666,0.11115847814917718
000333.SZ,CSI300,2026-04-16,77.9,46.87897341974422,29.601894334545563,0.25,57.17663915577963,0.0,0.0,0.0179696021298295,-0.09297937705609374
000338.SZ,CSI300,2026-04-16,27.4,70.11494291514671,67.37277490068513,-0.5,60.16745935467081,0.0,0.0,0.0539170247166742,0.4817758975502037
000408.SZ,CSI300,2026-04-16,87.94,75.83521014944692,73.22769044779449,-0.75,63.67168688956464,0.0,0.0,0.0357278428609375,0.6374922232784823
000425.SZ,CSI300,2026-04-16,10.2,23.03263799773474,32.87440240473586,0.5,42.96449827861408,0.0,0.0,0.0406693033270704,-0.4267247509979961
000538.SZ,CSI300,2026-04-16,55.52,43.17825282542095,26.47777984846047,0.25,48.62305875721796,0.0,0.0,0.0128489372356761,-0.16571971638576732
000568.SZ,CSI300,2026-04-16,103.05,32.39831107930057,14.653469277257244,0.25,41.79053898024642,0.0,0.0,0.0211907391833989,-0.3331253163280604
000596.SZ,CSI300,2026-04-16,106.8,34.993216055920044,9.736297627677956,0.25,46.07502064476772,0.0,0.0,0.0319944060225178,-0.3120118901966109
000617.SZ,CSI300,2026-04-16,9.73,47.26712517025206,60.34639484687269,0.0,46.47319202341765,0.0,0.0,0.0581828563834002,0.05476475684467208
000625.SZ,CSI300,2026-04-16,10.15,25.229336937181202,5.775525635892691,0.75,42.84892072947203,0.0,0.0,0.0153488522951878,-0.5686871356458916
000630.SZ,CSI300,2026-04-16,6.32,45.23278197361755,58.542218103798184,0.0,50.5761685496773,0.0,0.0,0.0395958177006928,0.040757937131615185
000651.SZ,CSI300,2026-04-16,37.32,32.79508755866186,13.192042854892748,0.25,43.84821740311372,0.0,0.0,0.0119672360031168,-0.32818394969753206
000661.SZ,CSI300,2026-04-16,87.3,43.51861686520796,26.963116257275573,0.25,49.47594428529328,0.0,0.0,0.0218310857237067,-0.15814179649503973
000708.SZ,CSI300,2026-04-16,16.84,57.77413588984356,95.81518666504581,-0.25,53.62430470968278,0.0,0.0,0.0288845616362013,0.37157615196215116
000725.SZ,CSI300,2026-04-16,4.03,29.3086220862925,30.056310675076602,0.5,46.79798254160705,0.0,0.0,0.0219515921323671,-0.36351494465124373
000768.SZ,CSI300,2026-04-16,24.72,28.821607450816174,31.339951551355412,0.5,42.17471329862863,0.0,0.0,0.0292973173361111,-0.3776197287285366
000776.SZ,CSI300,2026-04-16,19.88,59.989537999077456,36.23190976576319,0.0,59.03896801557726,0.0,0.0,0.0276347878087651,0.13306457626627674
000786.SZ,CSI300,2026-04-16,25.57,27.961004770589824,40.90027493172404,0.5,44.05820826231523,0.0,0.0,0.030908688738636,-0.3471162657261459
000792.SZ,CSI300,2026-04-16,38.51,73.59614870180158,93.3185774367596,-0.75,56.52746932439715,0.0,0.0,0.0436341216102001,0.6642301893073722
000807.SZ,CSI300,2026-04-16,36.42,73.09323842609567,87.79615715717674,-0.75,63.18759748228532,0.0,0.0,0.04314938111871,0.6599236399923764
000858.SZ,CSI300,2026-04-16,103.44,48.7660082697711,9.35741581221157,0.25,50.85601854714297,0.0,0.0,0.0152523469838166,-0.16389893597851699
000876.SZ,CSI300,2026-04-16,8.91,69.8027226995961,43.07163157241837,0.0,64.2465104684681,0.0,0.0,0.0217548467413679,0.2687560375945571
000895.SZ,CSI300,2026-04-16,28.71,69.96873008489143,84.70687745435407,-0.25,60.65945966275263,0.0,0.0,0.0218063408325052,0.47352693232353343
000938.SZ,CSI300,2026-04-16,28.09,75.5501874595094,77.75501836296527,-0.75,61.83705194698837,0.0,0.0,0.0414881540102502,0.6450010289080165
000963.SZ,CSI300,2026-04-16,35.29,43.20632830854764,12.855844299793986,0.25,47.99280369683462,0.0,0.0,0.0254712948230192,-0.21481128842190447
000975.SZ,CSI300,2026-04-16,30.14,46.926161680351235,69.77457387753822,0.0,49.96024635332285,0.0,0.0,0.0504952054460919,0.0946936767241539
000977.SZ,CSI300,2026-04-16,68.28,75.98851588770772,73.11039563953528,-0.75,65.28548931080945,0.0,0.0,0.0401077221241077,0.6434049127653286
000983.SZ,CSI300,2026-04-16,6.44,25.51467455132675,24.359555916254905,0.75,36.84280898214576,0.0,0.0,0.0302525002838022,-0.5190310531188849
000999.SZ,CSI300,2026-04-16,27.8,26.192724684597138,22.491665427095654,0.75,43.79739486439565,0.0,0.0,0.0187315125545116,-0.49812938249263544
001391.SZ,CSI300,2026-04-16,5.32,29.12913753667226,1.842780453012324,0.75,41.7597916292998,0.0,0.0,0.0159465657197755,-0.5473758885928212
001965.SZ,CSI300,2026-04-16,9.26,15.59737186539634,62.119768737111265,0.5,44.75805673349229,0.0,0.0,0.0247948139663505,-0.3923901619162208
001979.SZ,CSI300,2026-04-16,8.53,11.436615504816302,41.96338360811367,0.5,45.6346993907521,0.0,0.0,0.0329934867773162,-0.50087092091514
002001.SZ,CSI300,2026-04-16,37.62,76.43849394773906,95.99079599690377,-0.75,58.80701548339251,0.0,0.0,0.0458935490020118,0.7082438466405135
002027.SZ,CSI300,2026-04-16,6.29,24.019273998137777,20.02350269588848,0.75,40.080025877015096,0.0,0.0,0.0260657067154505,-0.5391591231347992
002028.SZ,CSI300,2026-04-16,215.88,61.85231983613092,91.20879577234382,-0.25,55.647435273520976,0.0,0.0,0.0414934733091604,0.40157954002895324
002049.SZ,CSI300,2026-04-16,70.99,44.943291338848205,20.529772359736697,0.25,51.54803131519481,0.0,0.0,0.0269064420547418,-0.1604019007059382
002050.SZ,CSI300,2026-04-16,45.78,47.497775834536604,43.163491082976805,0.0,52.83109382086037,0.0,0.0,0.0333528999614187,0.016106826372259457
002074.SZ,CSI300,2026-04-16,39.78,62.046264892703945,45.94119423040201,0.0,61.07808828175434,0.0,0.0,0.0358033285615583,0.1931818067096364
002142.SZ,CSI300,2026-04-16,31.3,63.53419570916506,71.44426800521828,-0.25,57.465472583207884,0.0,0.0,0.0194108115725773,0.35461294824165024
002179.SZ,CSI300,2026-04-16,35.62,51.61250658037481,53.021581522075955,0.0,53.122418546719764,0.0,0.0,0.0293157510674023,0.09172251007190124
002230.SZ,CSI300,2026-04-16,48.1,36.37325056412046,34.15671200897482,0.0,46.30138695072468,0.0,0.0,0.0266589463928682,-0.14395469285031265
002236.SZ,CSI300,2026-04-16,19.17,62.2453322546975,25.90139323306549,-0.75,70.17252654699202,0.0,0.0,0.0241350651314487,0.3585502878435975
002241.SZ,CSI300,2026-04-16,24.22,45.69642589626818,12.694911129145012,0.25,52.14674402811454,0.0,0.0,0.0285285230206515,-0.1785359051858014
002252.SZ,CSI300,2026-04-16,5.74,17.295338984201337,3.7599322854666184,0.75,38.97846373197225,0.0,0.0,0.0162189916894463,-0.6651287915900627
002304.SZ,CSI300,2026-04-16,50.4,11.58829636468009,8.963781593963816,0.75,44.85382666964809,0.0,0.0,0.0182248274917161,-0.685458296846938
002311.SZ,CSI300,2026-04-16,49.22,13.666721072921092,45.67460709773508,0.5,40.81323887914438,0.0,0.0,0.0325823141139443,-0.48043962186237044
002352.SZ,CSI300,2026-04-16,37.56,47.860967401531376,46.08586283975183,0.0,51.726908798013696,0.0,0.0,0.0180397705557082,0.026562533938116716
002371.SZ,CSI300,2026-04-16,473.56,61.10758367097501,38.569526355609526,0.0,54.56356035649031,0.0,0.0,0.0363489954790419,0.13882696000337788
002384.SZ,CSI300,2026-04-16,149.55,98.67878846286197,87.35994505585994,-1.75,77.93097008796235,0.0,0.0,0.0505100460226518,1.22833732105558
002415.SZ,CSI300,2026-04-16,33.54,75.80906350795424,43.443175272358545,-0.5,68.83794734422338,0.0,0.0,0.0221032313857592,0.48011914979569625
002422.SZ,CSI300,2026-04-16,35.92,69.29590743235164,64.67610518153256,0.0,60.984475098978336,0.0,0.0,0.0370763859092898,0.32935818878470513
002459.SZ,CSI300,2026-04-16,10.94,40.02360078459491,27.58740312535201,0.25,43.57855192571848,0.0,0.0,0.0489894769824382,-0.20786802788488418
002460.SZ,CSI300,2026-04-16,85.6,82.29018086260783,89.80952153850951,-0.75,63.844823311684074,0.0,0.0,0.0487019381423357,0.7591605158748124
002463.SZ,CSI300,2026-04-16,94.4,77.3323634840807,95.92657425622836,-0.75,64.61899619981924,0.0,0.0,0.0496646357996235,0.7341404894586389
002466.SZ,CSI300,2026-04-16,65.32,77.74331764766688,60.249020177028804,-0.5,68.63695158843774,0.0,0.0,0.0425489292781263,0.5570863836662384
002475.SZ,CSI300,2026-04-16,60.45,80.23944564838831,73.25570869432856,-1.75,73.40818683138829,0.0,0.0,0.0401375532687574,0.9847108203376519
002493.SZ,CSI300,2026-04-16,12.14,33.47966733542343,48.39332286072741,0.0,43.61788798859731,0.0,0.0,0.0477606936991025,-0.13073306121366823
002594.SZ,CSI300,2026-04-16,105.54,66.16996594060888,71.46312846092441,-0.25,58.78865449496957,0.0,0.0,0.0301341215961594,0.38449509593544634
002600.SZ,CSI300,2026-04-16,13.74,54.194177318715376,38.21447497646702,0.0,51.91894128807187,0.0,0.0,0.0323263665584195,0.0618487916676781
002601.SZ,CSI300,2026-04-16,17.9,36.34292452889914,30.33296719149378,0.0,45.680227091304964,0.0,0.0,0.0332721175533345,-0.15943592770562073
002625.SZ,CSI300,2026-04-16,39.96,25.153386639827858,13.26977607715358,0.75,46.816082909459574,0.0,0.0,0.0319951186552552,-0.5314659993295051
002648.SZ,CSI300,2026-04-16,28.2,71.56556934222418,92.98786023543661,-0.75,54.508434765149524,0.0,0.0,0.0522381592205088,0.6371230453505214
002709.SZ,CSI300,2026-04-16,49.16,70.6235039656976,81.29626797072007,-0.75,61.28394935958021,0.0,0.0,0.049679470384913,0.6073455249926554
002714.SZ,CSI300,2026-04-16,46.44,34.07154056000276,26.44035732888719,0.25,54.724789923815585,0.0,0.0,0.0343292438603279,-0.23700804587314137
002736.SZ,CSI300,2026-04-16,12.27,45.929457568759126,16.48577325034759,0.25,60.05226927732383,0.0,0.0,0.0239738459371748,-0.139436743178037
002916.SZ,CSI300,2026-04-16,270.14,72.15524145320032,99.05675911398039,-0.75,59.33249098940974,0.0,0.0,0.0504830751150691,0.6784654472092146
002920.SZ,CSI300,2026-04-16,108.39,28.57329076517567,25.372277974082593,0.75,49.82202952442414,0.0,0.0,0.0288342407351442,-0.44674226400124967
002938.SZ,CSI300,2026-04-16,61.0,62.06869727034486,42.175337930518694,0.0,65.59610500993765,0.0,0.0,0.0476705414278071,0.19376016223269937
003816.SZ,CSI300,2026-04-16,4.42,62.10326404155843,90.99766653757895,-0.25,53.088357408252726,0.0,0.0,0.0264760835095123,0.3956676083648244
300014.SZ,CSI300,2026-04-16,70.98,58.02068276199713,63.16923567701006,0.0,58.49141164634471,0.0,0.0,0.0478101696336256,0.20601135997535355
300015.SZ,CSI300,2026-04-16,9.58,21.680134942689463,18.430719796527654,0.75,41.747145668020366,0.0,0.0,0.0200326642997978,-0.5626910586737133
300033.SZ,CSI300,2026-04-16,239.77,64.08439280736812,37.86332524902813,0.0,60.53474128979101,0.0,0.0,0.0380211127700403,0.18340233593698807
300059.SZ,CSI300,2026-04-16,20.06,36.03460515098576,12.686776434473359,0.25,49.86244195039754,0.0,0.0,0.0287491748696399,-0.2802014802296406
300122.SZ,CSI300,2026-04-16,15.69,38.996962153608,11.68419839939611,0.25,47.961431955891904,0.0,0.0,0.0301275104409742,-0.26029896338064273
300124.SZ,CSI300,2026-04-16,66.84,31.224481958031703,31.828908944185685,0.0,44.58335359385845,0.0,0.0,0.0287384902903154,-0.20772633005286453
300251.SZ,CSI300,2026-04-16,16.16,45.97202058192186,21.147318373655168,0.25,49.18405852232717,0.0,0.0,0.0457335789252989,-0.1552097182698408
300274.SZ,CSI300,2026-04-16,133.9,35.318290977035446,25.60895799184999,0.25,40.90519721120303,0.0,0.0,0.0581761467550926,-0.2689213708709455
300308.SZ,CSI300,2026-04-16,809.61,87.19424206316991,81.45401757820332,-1.75,78.16215275705522,0.0,0.0,0.0460441391956083,1.0957328763211436
300316.SZ,CSI300,2026-04-16,45.6,54.774416965100045,43.39162807206815,0.0,54.97599616151914,0.0,0.0,0.0534911334244092,0.09471565628273614
300347.SZ,CSI300,2026-04-16,58.62,64.47115336546517,28.37197856990079,0.25,57.914369776339285,0.0,0.0,0.0389414957528022,0.07758059735254652
300394.SZ,CSI300,2026-04-16,355.57,80.41508607083625,93.74789391342313,-0.75,58.51337596683849,0.0,0.0,0.0659054733431412,0.7385739446538023
300408.SZ,CSI300,2026-04-16,65.07,77.81868243090372,94.38665354656105,-0.75,69.80340005833986,0.0,0.0,0.044954319534791,0.749020001296497
300413.SZ,CSI300,2026-04-16,21.17,34.53242419678904,23.706961474412225,0.25,45.623432750527975,0.0,0.0,0.0263137587515526,-0.269180445680628
300418.SZ,CSI300,2026-04-16,52.02,42.43576122805348,49.63598374767853,0.0,52.13467264878268,0.0,0.0,0.0562611262735552,-0.013086315061341357
300433.SZ,CSI300,2026-04-16,25.64,45.56764066606611,37.09109922666473,0.0,31.36443165796392,0.0,0.0,0.0560547206700556,-0.08807958649891165
300442.SZ,CSI300,2026-04-16,95.78,62.404723387229474,63.187305553256735,0.0,63.91846364648932,0.0,0.0,0.0503601910503739,0.26529757802438086
300476.SZ,CSI300,2026-04-16,303.5,72.29589093093112,47.70120986136744,-0.5,61.663957389996185,0.0,0.0,0.0467426393326126,0.4390713756254802
300498.SZ,CSI300,2026-04-16,17.17,66.31954498298809,53.00210840305477,0.0,57.42749151734792,0.0,0.0,0.0289572299837949,0.248836223549874
300502.SZ,CSI300,2026-04-16,537.5,84.95294610550789,77.63742918420212,-0.75,65.49838903425683,0.0,0.0,0.0546246929739195,0.7477963003479068
300628.SZ,CSI300,2026-04-16,35.67,65.87143395561769,34.35768379021938,0.0,59.70602905971646,0.0,0.0,0.0248554636506322,0.18624567592466307
300661.SZ,CSI300,2026-04-16,77.71,66.43025565166147,51.02888570125567,0.0,58.7267205288865,0.0,0.0,0.0487282791702117,0.24692218553941855
300750.SZ,CSI300,2026-04-16,453.98,83.69170905199321,84.19148387308778,-1.75,73.86162900037256,0.0,0.0,0.0358874088304923,1.058065909206807
300759.SZ,CSI300,2026-04-16,31.39,70.6463808047878,57.17924868089124,-0.5,65.72116627032621,0.0,0.0,0.0378360572716835,0.4680342136809934
300760.SZ,CSI300,2026-04-16,160.46,25.982446191798203,9.445253608389677,0.75,39.31075290125898,0.0,0.0,0.0235119213602617,-0.5590648449429801
300782.SZ,CSI300,2026-04-16,103.47,93.37470352955032,69.6928826617742,-0.5,66.90263904675466,0.0,0.0,0.0536056243871026,0.7382333601903514
300803.SZ,CSI300,2026-04-16,99.82,32.967442892532716,19.203225906402295,0.25,44.162908831420324,0.0,0.0,0.041508237851091,-0.3045982851325748
300832.SZ,CSI300,2026-04-16,46.34,15.369616491182526,18.990398001288327,0.75,38.58412188478997,0.0,0.0,0.0319918910901211,-0.6321112969112528
300866.SZ,CSI300,2026-04-16,120.68,66.09053054386445,38.63753047118842,0.0,65.79995170946947,0.0,0.0,0.0455715198721997,0.22150518449256487
300896.SZ,CSI300,2026-04-16,115.78,25.712513305655747,8.50374570209317,0.75,37.27039659615487,0.0,0.0,0.0266377429851793,-0.5710862826646629
300979.SZ,CSI300,2026-04-16,43.25,18.669694689317154,11.503257003169054,0.75,38.9367648799793,0.0,0.0,0.0222004707754834,-0.6247725680501842
300999.SZ,CSI300,2026-04-16,28.57,37.85249466660868,22.497368605305468,0.25,46.740576958127946,0.0,0.0,0.0222924911702148,-0.23748011565182578
301236.SZ,CSI300,2026-04-16,39.9,31.149378334926567,15.822948489085476,0.25,47.307510396112846,0.0,0.0,0.0332190384743064,-0.32483753229483314
301269.SZ,CSI300,2026-04-16,85.12,29.492571545302013,20.171688289115053,0.75,44.27978565484934,0.0,0.0,0.0279297116589016,-0.4723929913192304
302132.SZ,CSI300,2026-04-16,68.93,25.269687294571355,16.526964428702243,0.75,45.94977216996648,0.0,0.0,0.0268568451929755,-0.5215560182758306
600000.SH,CSI300,2026-04-16,10.0,41.81942349218884,14.29580287811089,0.25,46.9467912541399,0.0,0.0,0.0178624373761947,-0.22652462756453726
600009.SH,CSI300,2026-04-16,27.43,10.714443866124341,16.464871574117836,0.75,37.43167578714969,0.0,0.0,0.0148200511074455,-0.6900399305462064
600010.SH,CSI300,2026-04-16,2.88,63.08941983467923,84.34521703720524,-0.25,56.79900945392616,0.0,0.0,0.0441667962969891,0.3932311764951425
600011.SH,CSI300,2026-04-16,6.99,38.8478487774451,34.80753059194046,0.0,43.45347984097659,0.0,0.0,0.0245264372678819,-0.12590162208528222
600015.SH,CSI300,2026-04-16,7.21,59.76956231784996,70.80213223867133,-0.25,51.854551940552994,0.0,0.0,0.017427988083801,0.29868112562721405
600016.SH,CSI300,2026-04-16,3.72,29.951527130300605,19.381105696690085,0.75,41.90375197550098,0.0,0.0,0.0136184901309553,-0.47773714217181995
600018.SH,CSI300,2026-04-16,4.98,22.04221252265266,18.175177940987894,0.75,41.89302088579579,0.0,0.0,0.0135870962724136,-0.5595931060694755
600019.SH,CSI300,2026-04-16,6.36,13.333752619845953,14.747972231122077,0.75,38.43294356445401,0.0,0.0,0.0191923848532116,-0.6673310491749583
600023.SH,CSI300,2026-04-16,5.54,75.16897666817323,81.4904780328942,-0.75,56.680351374370645,0.0,0.0,0.0215075658487286,0.638889326683095
600025.SH,CSI300,2026-04-16,9.56,34.87684982627309,47.658056028037855,0.0,40.5520452874468,0.0,0.0,0.0185645919681597,-0.12873587686092863
600026.SH,CSI300,2026-04-16,21.99,43.40719048723868,69.9435995389864,0.0,44.362396270979964,0.0,0.0,0.075050925083932,0.04403943272712714
600027.SH,CSI300,2026-04-16,4.66,31.701567661713256,26.32324899532584,0.25,39.22284084377315,0.0,0.0,0.0231246784718338,-0.3069467070352515
600028.SH,CSI300,2026-04-16,5.66,24.434718750344757,31.92113954310834,0.5,32.98421807185677,0.0,0.0,0.0254779597150694,-0.4460784733049487
600029.SH,CSI300,2026-04-16,5.76,21.204297305352227,24.80516011275499,0.75,41.718078603077245,0.0,0.0,0.0381830705145982,-0.5452263852929403
600030.SH,CSI300,2026-04-16,26.31,62.01717457363028,24.82019633804775,0.25,59.392161926315275,0.0,0.0,0.0230263764681242,0.04552748611454303
600031.SH,CSI300,2026-04-16,20.39,35.09919194442192,33.40402545847343,0.0,48.51764051254879,0.0,0.0,0.0317073125836493,-0.15246650587377383
600036.SH,CSI300,2026-04-16,39.91,60.128576176025405,40.09720425799472,0.0,56.64320127148361,0.0,0.0,0.0126863573053722,0.14075224089606134
600039.SH,CSI300,2026-04-16,9.61,45.976266634757366,43.543175666932385,0.0,48.548194524888714,0.0,0.0,0.0276022228140051,-0.010285434684579537
600048.SH,CSI300,2026-04-16,5.97,43.1427508243635,13.565275945864471,0.25,49.369406653605495,0.0,0.0,0.0277858020077369,-0.20885310522789752
600050.SH,CSI300,2026-04-16,4.6,37.581473216411375,19.079871105666143,0.25,46.137827487265966,0.0,0.0,0.0156661206405215,-0.2538523519131032
600061.SH,CSI300,2026-04-16,6.96,40.35412538621724,17.442932280191997,0.25,46.56436689651812,0.0,0.0,0.0200342015201098,-0.23107537307591333
600066.SH,CSI300,2026-04-16,36.45,70.68730963840207,86.06038678976593,-0.75,61.793367128508265,0.0,0.0,0.0313549209356651,0.6260999074512053
600085.SH,CSI300,2026-04-16,27.94,23.972975747248526,4.533572857537266,0.75,39.96293634399081,0.0,0.0,0.0164496170942106,-0.5939606190437161
600089.SH,CSI300,2026-04-16,27.95,47.972788121135004,73.59891395830547,-0.25,50.879044114622715,0.0,0.0,0.0364544010731732,0.18974817496752397
600104.SH,CSI300,2026-04-16,14.05,35.638691905971044,10.621453991314013,0.25,44.75056281142775,0.0,0.0,0.0180855248593859,-0.3065451085845605
600111.SH,CSI300,2026-04-16,49.39,42.85370344076706,52.28723896489689,0.0,47.45937530535006,0.0,0.0,0.0388514408884367,-0.013697892171054011
600115.SH,CSI300,2026-04-16,4.42,26.64423583123846,28.475639439310086,0.75,43.38244933349622,0.0,0.0,0.0497101951399698,-0.47407690931560487
600150.SH,CSI300,2026-04-16,32.72,41.544577685164576,21.34046570609388,0.25,48.02849169952728,0.0,0.0,0.0255530495730573,-0.20143553218743657
AAPL,SPX,2026-04-15,266.43,68.06226939269929,64.05244400879505,0.0,62.24404211846255,0.0,0.0,0.0221332409097262,0.21623349142989806
ABBV,SPX,2026-04-15,208.42,39.770160818661985,26.94335291030545,0.25,43.526693953623656,0.0,0.0,0.0272291500650679,-0.34157011875149085
ABNB,SPX,2026-04-15,137.51,64.04169893506122,65.97702013255004,0.0,62.55779786390667,0.0,0.0,0.034383445761159,0.18184113472710706
ABT,SPX,2026-04-15,101.56,16.251777066543085,4.915600928241346,0.75,37.34849870460929,0.0,0.0,0.0213821162303026,-0.8173416406611845
ACN,SPX,2026-04-15,194.0,26.718004766322892,19.188834349011387,0.75,45.92946454595766,0.0,0.0,0.0408354301097638,-0.6271007993818466
ADI,SPX,2026-04-15,347.94,73.73822136902444,79.26694247345932,-0.75,64.85217623164885,0.0,0.0,0.027059997229037,0.5263496487820797
AMAT,SPX,2026-04-15,394.26,71.12347840442507,94.1747585639985,-0.75,63.47772018965519,0.0,0.0,0.0401846701012262,0.5544417090260273
AMD,SPX,2026-04-15,258.12,82.75942199665676,75.93795812082084,-1.75,74.751927502353,0.0,0.0,0.0372356592523752,0.8774315726941824
AMGN,SPX,2026-04-15,348.22,31.219497459488025,53.69203775407805,0.0,44.27827131043896,0.0,0.0,0.0235340384198806,-0.2633778902550688
AMZN,SPX,2026-04-15,248.5,84.96484860184376,73.16420766839012,-1.75,75.64446023475325,0.0,0.0,0.0268155351335692,0.8921434277680327
APD,SPX,2026-04-15,295.21,77.79689344207969,85.08433473359949,-0.75,58.958642971211844,0.0,0.0,0.0221141696708736,0.5778830981011738
AVGO,SPX,2026-04-15,396.72,77.6378322656026,35.09207246639738,-1.5,76.98996823844888,0.0,0.0,0.0327683130504623,0.6048410257345473
AXP,SPX,2026-04-15,329.06,70.92714882644789,47.421331564396546,-0.5,65.37368626124541,0.0,0.0,0.0250991009947707,0.3099330067986314
AXS,SPX,2026-04-15,100.74,35.51744882345692,45.69379808562174,0.0,48.817389621373295,0.0,0.0,0.0232563917442103,-0.23795234487797215
BA,SPX,2026-04-15,223.93,62.98534702268761,51.241249657008275,0.0,60.37534018630786,0.0,0.0,0.0283356536707841,0.10628553540575422
BAC,SPX,2026-04-15,54.32,78.77590242712483,66.3897868021248,-1.5,73.50400623820069,0.0,0.0,0.0236503331106112,0.7329507312927985
BIIB,SPX,2026-04-15,180.54,35.89614673303991,56.865174902149526,0.0,48.81698961681384,0.0,0.0,0.0314257038373024,-0.18936650356458146
BKR,SPX,2026-04-15,60.07,46.79872037053697,77.0577978412029,-0.25,46.11225582488222,0.0,0.0,0.0319101827496779,0.06130920747856272
BLK,SPX,2026-04-15,1048.6,68.92481431983532,50.47447216848957,0.0,64.35529344950623,0.0,0.0,0.0281164918064639,0.1766318866134879
BMY,SPX,2026-04-15,57.89,39.44656882909487,64.86523759051279,0.0,44.21827599830184,0.0,0.0,0.0232808809854457,-0.1312662464131684
C,SPX,2026-04-15,131.69,87.14150024565075,82.84061392571994,-1.75,76.250642083052,0.0,0.0,0.0286093310894475,0.9554721437782184
CAT,SPX,2026-04-15,770.17,75.63137617946836,79.30145352197341,-0.75,59.410525926974906,0.0,0.0,0.0328232788809951,0.5328809065310574
CDNS,SPX,2026-04-15,304.1,68.06636771695972,51.43930558555102,0.0,59.77324704203399,0.0,0.0,0.0371113785632814,0.15971717148136008
CHTR,SPX,2026-04-15,220.29,55.802357975822936,47.546368988966016,0.0,49.97345530592334,0.0,0.0,0.0395477708560162,-0.011382853891251661
COF,SPX,2026-04-15,202.98,69.45331352888438,46.841805197231835,0.0,64.05772964405293,0.0,0.0,0.0285333104872516,0.16702558467832412
COP,SPX,2026-04-15,118.92,43.6177821457897,77.72717802567126,-0.25,40.528427792124084,0.0,0.0,0.0340106752089115,0.01591831636867541
COST,SPX,2026-04-15,984.75,43.62986288044294,59.32260549691779,0.0,46.17682679667419,0.0,0.0,0.0191519249243386,-0.10380946997908856
CRM,SPX,2026-04-15,177.6,25.31284115897249,21.557295714013094,0.75,43.739149458246445,0.0,0.0,0.0428789646514831,-0.6381859814557976
CRWD,SPX,2026-04-15,411.16,49.0015300551982,27.466114971520682,0.25,51.959940515268876,0.0,0.0,0.0505231917348664,-0.219702771005553
CSCO,SPX,2026-04-15,82.36,60.09581974989508,93.63492349357882,-0.25,57.58558127735208,0.0,0.0,0.0249378855651119,0.2982458798063621
CVX,SPX,2026-04-15,184.91,34.73471223654889,62.84723420881495,0.0,37.157660934302804,0.0,0.0,0.0305803872116514,-0.20743681746425296
DDOG,SPX,2026-04-15,121.06,32.173913937251385,26.756350495510333,0.25,53.17853990526449,0.0,0.0,0.0592384319878228,-0.3988403399094433
DE,SPX,2026-04-15,576.64,46.179816521239175,72.80647794196851,-0.25,46.279573003140676,0.0,0.0,0.0284791024560005,0.03818162128829672
DG,SPX,2026-04-15,121.56,12.278744160130813,31.118193192735305,0.5,43.55918935184781,0.0,0.0,0.0360896469379012,-0.6786931036390342
DLTR,SPX,2026-04-15,101.33,20.04035214243912,26.839331414021686,0.75,36.931046421523156,0.0,0.0,0.0395300400095688,-0.690582083970705
ELV,SPX,2026-04-15,311.18,54.98418893972949,39.135107676508504,0.0,55.06416791605682,0.0,0.0,0.0293162717183052,-0.04074834345860896
EMR,SPX,2026-04-15,140.4,54.22717103015968,54.887276115610256,0.0,54.44478912823166,0.0,0.0,0.0303248384130243,0.012428919971267861
EOG,SPX,2026-04-15,132.39,45.25072711867217,76.7723739803883,-0.25,41.88632314333496,0.0,0.0,0.0327217795463244,0.03295995445463479
ETN,SPX,2026-04-15,395.06,72.69097743876718,69.3181326182439,-0.5,62.173735244087176,0.0,0.0,0.032133743449346,0.407949173218874
FTNT,SPX,2026-04-15,79.64,41.225575003928675,46.855389369917155,0.0,46.663820468615704,0.0,0.0,0.0373932880840718,-0.17792421778487516
GD,SPX,2026-04-15,338.88,32.708617212416996,42.709737590962675,0.0,41.41908685940914,0.0,0.0,0.0216717243525743,-0.298543403844626
GE,SPX,2026-04-15,313.93,57.873626413268184,58.31406180546543,0.0,56.07668533435179,0.0,0.0,0.0332195828868501,0.06910346405483649
GILD,SPX,2026-04-15,139.77,41.00707363033083,56.50576762320685,0.0,47.89908212060131,0.0,0.0,0.0228294522707072,-0.13863937308347163
GOOGL,SPX,2026-04-15,337.12,75.14223667442607,80.57362905231655,-1.75,71.32985096990599,0.0,0.0,0.0252532087092308,0.8060416399684208
GS,SPX,2026-04-15,899.49,65.98325116127654,61.20479758805483,0.0,59.85862899064814,0.0,0.0,0.0310151078987213,0.1766691495704203
HD,SPX,2026-04-15,338.91,38.64950698066594,27.786317902763926,0.25,50.08504685280057,0.0,0.0,0.0264303538663381,-0.3335370465214751
HII,SPX,2026-04-15,398.13,44.87306972913394,56.45106479850318,0.0,47.19871902109349,0.0,0.0,0.0329747545106272,-0.09941778125184052
HON,SPX,2026-04-15,232.19,55.161116562877,69.59242959405881,0.0,52.19977771870058,0.0,0.0,0.0210789206705672,0.07533853837357514
HUM,SPX,2026-04-15,198.37,69.52577614250797,41.85506495758287,0.0,62.92786362212182,0.0,0.0,0.0372445540406158,0.14504876076744036
IBM,SPX,2026-04-15,244.8,40.86664444366748,19.06618896497612,0.25,49.6564996189526,0.0,0.0,0.0294502336569658,-0.34576108204598516
ICE,SPX,2026-04-15,165.07,59.10323261890436,57.35580283798026,0.0,56.264219245104684,0.0,0.0,0.0237293714749271,0.07886580510088681
INTC,SPX,2026-04-15,64.94,89.98587934626552,91.67246309249013,-1.75,75.10468300989537,0.0,0.0,0.04771819559137,1.0181115571450636
ISRG,SPX,2026-04-15,468.36,32.20330269972969,23.12361636304807,0.25,49.25794359470463,0.0,0.0,0.0249888135256454,-0.4229483485150114
JNJ,SPX,2026-04-15,238.67,47.84858452820796,87.55578969756372,-0.25,47.395520429825304,0.0,0.0,0.0187445966973738,0.11761756253250596
JPM,SPX,2026-04-15,305.93,63.33793425677059,58.113231865584694,0.0,57.47335718251248,0.0,0.0,0.0234289583485124,0.1300952866153548
KLAC,SPX,2026-04-15,1748.11,79.92636193598811,89.9176124699202,-0.75,66.85495788324272,0.0,0.0,0.0392994751137224,0.6398679505115129
KO,SPX,2026-04-15,75.31,40.24868756837521,56.2725272529844,0.0,43.49043168073792,0.0,0.0,0.0174193825114752,-0.1588257181421397
LHX,SPX,2026-04-15,355.92,51.87019302210852,71.69770948398016,-0.25,50.876568036278066,0.0,0.0,0.0250463147435582,0.10607221990089077
LIN,SPX,2026-04-15,497.94,62.39227635262251,84.29447135136313,-0.25,52.92408489981156,0.0,0.0,0.0201077832059088,0.27366765711346697
LLY,SPX,2026-04-15,905.03,29.077410830525324,29.392525138887578,0.75,40.06210044338771,0.0,0.0,0.0316172933301555,-0.5761246362386155
LOW,SPX,2026-04-15,243.99,42.687318448133354,40.685412498371335,0.0,50.73924992188743,0.0,0.0,0.0278931697885671,-0.17661891685766015
LRCX,SPX,2026-04-15,265.16,73.58422196159613,91.91474919986459,-0.75,64.78696550128075,0.0,0.0,0.0460735370166017,0.5749800756022245
LYFT,SPX,2026-04-15,14.66,44.13326975498451,14.47067021647402,0.25,62.81065920104048,0.0,0.0,0.0428387225663164,-0.29593074379827033
MA,SPX,2026-04-15,519.96,61.453058763325664,40.947149697074444,0.0,58.75289839950945,0.0,0.0,0.021421013129622,0.0447878112190916
MCD,SPX,2026-04-15,306.26,23.647398267171567,35.65788479745987,0.5,42.04502436144587,0.0,0.0,0.0165314428919247,-0.5432279743828211
MCO,SPX,2026-04-15,446.81,48.704182495247075,40.55412623698517,0.0,52.801436386482955,0.0,0.0,0.0287433716529412,-0.10777272784752227
MDT,SPX,2026-04-15,87.1,27.537696759870485,13.795571652179106,0.75,42.3713076184869,0.0,0.0,0.019652706738565,-0.6488858878513521
META,SPX,2026-04-15,671.58,66.10924499485367,21.551102338967624,0.25,66.60898250934872,0.0,0.0,0.0315826868997407,-0.023790029782129123
MMM,SPX,2026-04-15,151.24,47.82877292065505,29.18585074872516,0.25,52.71278345145843,0.0,0.0,0.023001855983842,-0.22343955286749612
MPC,SPX,2026-04-15,223.03,48.74946201390787,78.0279205854372,-0.25,44.57260214514804,0.0,0.0,0.0382620321157466,0.08207287853417855
MRK,SPX,2026-04-15,117.9,47.321489405060255,78.43716589510687,-0.25,46.86102917183303,0.0,0.0,0.0241001083207175,0.07428036164939159
MS,SPX,2026-04-15,191.62,83.88161829863998,71.83625892014297,-1.75,77.80671418638029,0.0,0.0,0.0303890942504022,0.8807787571459557
MSFT,SPX,2026-04-15,411.22,66.8548292533369,30.12384751356288,0.0,67.25830952052762,0.0,0.0,0.0238912216240658,0.08076534998488027
MU,SPX,2026-04-15,456.23,65.50495010664879,94.3361134256704,-0.25,63.15918329302366,0.0,0.0,0.0584936262498393,0.372830669856408
NET,SPX,2026-04-15,190.13,36.492618104798275,65.82227736870983,0.0,46.27983010459452,0.0,0.0,0.0728885391459025,-0.15371720003973097
NFLX,SPX,2026-04-15,107.71,83.02191262321227,67.44853303468527,-1.5,78.9999560789905,0.0,0.0,0.0260293756885935,0.7963648996270496
NKE,SPX,2026-04-15,45.44,20.560382550481577,7.005953305030346,0.75,36.15525225530454,0.0,0.0,0.0384146385304869,-0.7660963032974468
NOC,SPX,2026-04-15,678.59,34.19125448887306,57.126606888915816,0.0,41.908075716794926,0.0,0.0,0.023404897652632,-0.22400615813648136
NOW,SPX,2026-04-15,94.19,20.75717075379754,23.451208839890356,0.75,41.22620100099967,0.0,0.0,0.0607815357312913,-0.6855678829248327
NVDA,SPX,2026-04-15,198.87,77.64194057417961,82.68877039678839,-0.75,69.770798488231,0.0,0.0,0.0269772273385257,0.5940754142332109
ORCL,SPX,2026-04-15,169.81,74.39816887038572,42.119654511273296,-0.5,66.18941099976001,0.0,0.0,0.0472841894718018,0.32786144554986046
OXY,SPX,2026-04-15,55.83,44.625427267668364,78.91790659363674,-0.25,40.787134907095734,0.0,0.0,0.0426985325855616,0.03206455068473762
PANW,SPX,2026-04-15,164.11,36.437509018794835,26.27567688705477,0.25,51.538615361437444,0.0,0.0,0.0457967260083509,-0.359459540220083
PEP,SPX,2026-04-15,154.85,45.698589950312716,58.0624309673147,0.0,47.0204019603548,0.0,0.0,0.0191481712607625,-0.08464309297216843
PFE,SPX,2026-04-15,27.19,48.32710764237222,77.66173181397315,-0.25,49.006053634368804,0.0,0.0,0.021773480139397,0.08734406309708445
PG,SPX,2026-04-15,143.38,26.098896104181946,32.281341752779895,0.5,41.16563638678934,0.0,0.0,0.0181622616706315,-0.5327865962628372
PLTR,SPX,2026-04-15,142.15,36.477456988122746,24.93896661173899,0.25,48.36412770530315,0.0,0.0,0.0540048513038386,-0.37240821180267786
PNC,SPX,2026-04-15,222.06,70.82359210858418,61.98351943730609,-0.5,63.78027350076254,0.0,0.0,0.0241082763388318,0.3628630617325551
PSX,SPX,2026-04-15,161.44,36.72143453635649,62.352692887560956,0.0,40.563262099862634,0.0,0.0,0.0374024416456592,-0.17959943040379828
PYPL,SPX,2026-04-15,49.57,68.0288996325525,4.073820595913503,0.25,65.43630346630718,0.0,0.0,0.0311002654012976,-0.07599315548473283
QCOM,SPX,2026-04-15,133.05,48.06265357050973,18.105311401690358,0.25,54.51861295410757,0.0,0.0,0.0262205309054377,-0.2605577521791712
REGN,SPX,2026-04-15,753.93,40.61453162419462,60.547821600706236,0.0,48.11024312168512,0.0,0.0,0.0264040608798943,-0.12617003555504297
RTX,SPX,2026-04-15,198.39,48.21344000925119,69.09141036734346,0.0,48.57803763990073,0.0,0.0,0.0231487377281446,-0.009904157513287451
SBUX,SPX,2026-04-15,98.34,62.71626080934597,89.53726208293945,-0.25,59.58373409291325,0.0,0.0,0.0251320148886749,0.3149041314434791
SCHW,SPX,2026-04-15,100.27,71.9102484324797,66.7305189459554,-0.5,63.89642792465815,0.0,0.0,0.0250699190704322,0.39367223039497173
SLB,SPX,2026-04-15,52.42,73.32068391722602,80.51562712664341,-0.75,59.284381016995596,0.0,0.0,0.0340221512268713,0.5127694802349647
SNOW,SPX,2026-04-15,144.48,15.453446171558952,7.370923653836954,0.75,43.00237653389532,0.0,0.0,0.0661709149921822,-0.8017344269988418
SNPS,SPX,2026-04-15,438.45,62.094065940400114,44.98042683961551,0.0,60.00643448873702,0.0,0.0,0.037518619023109,0.0708818731446489
SPGI,SPX,2026-04-15,430.58,44.842077114484475,32.79896419430834,0.0,51.11300639098943,0.0,0.0,0.0283902795466028,-0.1841503834891339
SYK,SPX,2026-04-15,341.24,42.756492345139364,21.22787535341176,0.25,48.6465378011851,0.0,0.0,0.0242406979684121,-0.3195526125786878
T,SPX,2026-04-15,25.46,22.327369094627088,39.60811899826814,1.5,26.614034484440253,0.0,0.0,0.0259086797164939,-0.8237480214826312
TFC,SPX,2026-04-15,49.59,66.54637936604593,58.984096359668,0.0,61.422587497072314,0.0,0.0,0.0236657826451294,0.17777969669366522
TGT,SPX,2026-04-15,122.87,74.08808360734423,90.18363836625971,-0.75,58.18748572154875,0.0,0.0,0.0270405587263613,0.5567255406966056
TMO,SPX,2026-04-15,531.67,69.03021464699167,53.57814658209105,0.0,65.69779006820517,0.0,0.0,0.0269955229836323,0.19353429277766918
TMUS,SPX,2026-04-15,190.19,28.34848913177872,48.84236019554628,1.5,27.51183136215583,0.0,0.0,0.026832329218164,-0.7204587389305745
TXN,SPX,2026-04-15,216.29,76.60827635850639,64.66987810616459,-0.5,65.41508177278338,0.0,0.0,0.0272084923846668,0.43938740347454736
UBER,SPX,2026-04-15,77.28,43.33252419952933,23.049019199176954,0.25,61.73526856728838,0.0,0.0,0.0331961584836932,-0.2729831930444578
UNH,SPX,2026-04-15,314.05,72.78261803758161,56.07934713335296,-0.5,68.53825034356822,0.0,0.0,0.0274310714890774,0.37225928667879316
UPS,SPX,2026-04-15,103.57,57.047436123617445,54.02482416818172,0.0,58.96371126409875,0.0,0.0,0.0237346474735749,0.05050641831202103
USB,SPX,2026-04-15,56.37,73.29358213166017,64.3636149135387,-0.5,65.12136445712616,0.0,0.0,0.0235402575183131,0.40208468823329185
V,SPX,2026-04-15,315.91,51.42471853106401,20.681893397693386,0.25,59.36918100533393,0.0,0.0,0.0202095867631989,-0.20214957684677892
VLO,SPX,2026-04-15,235.0,60.57037260670618,87.24739087501368,-0.25,49.82185866526807,0.0,0.0,0.0390146269314228,0.2581597095726552
VRTX,SPX,2026-04-15,441.7,27.66077672605826,40.058085571093734,0.5,45.08055309096027,0.0,0.0,0.0267557650115606,-0.47520321197987786
VZ,SPX,2026-04-15,45.03,18.45096774076724,47.974753827169145,1.5,23.21097883932964,0.0,0.0,0.0222546529686326,-0.8403317124737808
WFC,SPX,2026-04-15,80.29,42.695856607418975,40.891031502008545,0.0,46.32017957693558,0.0,0.0,0.0302470630732065,-0.1869055778171306
WM,SPX,2026-04-15,224.93,37.29561176685536,43.89052020625098,0.0,39.202919723480676,0.0,0.0,0.0206541180193361,-0.25054946779391285
WMT,SPX,2026-04-15,124.76,49.73499194909908,72.95818774246575,-0.25,50.28215085023083,0.0,0.0,0.0227951439900891,0.08682974281278556
XOM,SPX,2026-04-15,149.01,37.43250204815445,67.02961930717456,0.0,37.499819000922656,0.0,0.0,0.0345071838196585,-0.1611306698825844
ZS,SPX,2026-04-15,131.01,18.42165240372684,9.402592405032394,0.75,41.18428910315179,0.0,0.0,0.0627821180684655,-0.7665960807815216
ZTS,SPX,2026-04-15,120.76,50.29020355442475,25.18751688239462,0.25,53.57031626207993,0.0,0.0,0.0254883671130507,-0.21097063208391653
