symbol,name,trade_date,close,fusion_score,frac_balance_20,top_count_20,fractal_top_5,frac_balance_10,fractal_bottom_5,fractal_top_10,fractal_bottom_10,top_count_10,bottom_count_20,bottom_count_10,bull_divergence,resonance,td9_count,macd_cross_up,td9_extreme,entropy_60,hurst_60,apen_20,apen_60,bb_ratio,atr_ratio,mom_5d,mom_10d,rsi_14,macd,vol_ratio
02768.HK,国恩科技,2026-04-17,47.44,2.28958981323637,0.0333333333333333,14.0,0,0.1,0,0,0,4.0,15.0,5.0,0,0,1,0,0,,,,,1.562132289308705,7.417941459889183,273.21965317919074,273.21965317919074,99.9999999970381,3.770586894586893,20.0
06110.HK,滔搏,2026-04-17,2.92,0.3617797096468421,0.6666666666666666,0.0,0,0.5,0,0,0,0.0,2.0,1.0,0,3,3,0,0,,,,,0.847931939504493,3.546966731898237,0.0318021201413427,0.0656934306569341,55.31914885377999,-0.0209093553031145,0.3223877186235961
01959.HK,中聚投资,2026-04-17,4.37,0.29416302996329324,0.25,1.0,0,0.5,0,0,0,0.0,2.0,1.0,0,0,1,0,0,,,,,0.7074519715468,9.44753187316117,0.0763546798029557,-0.0288888888888888,66.02564099601415,0.1550425484047144,0.016555312481523
02669.HK,中海物业,2026-04-17,4.06,0.28382049979046114,0.75,0.0,0,0.5,0,0,0,0.0,3.0,1.0,0,0,-1,0,0,,,,,0.551566015710471,2.5510204081632644,0.0149999999999999,0.0278481012658227,48.35164827726119,-0.0472986015581886,0.2340451219130714
01972.HK,太古地产,2026-04-17,24.96,0.2766924301452768,0.1666666666666666,2.0,0,0.0,0,0,0,1.0,3.0,1.0,0,3,3,0,0,,,,,0.7474578409522167,2.9761904761904807,0.0008019246190857,0.0976253298153035,56.37860080680452,0.0594063090989216,0.320805341557671
00995.HK,安徽皖通高速公路,2026-04-17,15.39,0.25525311896756697,0.25,1.0,0,0.5,0,0,0,0.0,2.0,1.0,0,3,0,0,0,,,,,0.9683499166712696,2.988953866146848,0.0462270564242011,0.0363636363636363,58.47176077014602,0.3473472631562657,0.5761480746068636
09618.HK,京东-SW,2026-04-17,121.7,0.2394212396892974,0.0,2.0,0,0.5,0,0,0,0.0,2.0,1.0,0,3,-1,0,0,,,,,0.9716158547871284,2.7350628007982145,0.0924596050269299,0.0750883392226149,75.13513512944924,2.9251372151674677,0.2445649651040004
09988.HK,阿里巴巴-W,2026-04-17,135.6,0.23664063837367116,0.25,1.0,0,0.5,0,0,0,0.0,2.0,1.0,0,3,-1,0,0,,,,,0.9349860952311316,3.682048040455119,0.0804780876494024,0.1394957983193276,57.11252653758051,-1.5626407650956224,0.4260873494813117
01109.HK,华润置地,2026-04-17,31.5,0.20405213285517623,0.6666666666666666,0.0,0,0.0,0,0,0,0.0,2.0,0.0,0,3,2,0,0,,,,,0.990910597720634,2.829931972789117,0.0707002039428958,0.0998603351955307,72.13114752442887,0.2063395506768479,1.0059860816008075
06699.HK,时代天使,2026-04-17,90.0,0.19209573006095865,0.6666666666666666,0.0,0,0.0,0,0,0,0.0,2.0,0.0,0,0,-1,0,0,,,,,0.889293725110146,4.035714285714286,0.0876132930513595,0.2137559002022926,92.01451905158552,4.910778332824449,0.1821411706505363
06690.HK,海尔智家,2026-04-17,21.04,0.15665012453203217,0.5,0.0,0,0.5,0,0,0,0.0,1.0,1.0,0,3,-1,0,0,,,,,0.3508103302631898,3.3134166214014105,0.0086289549376796,0.0154440154440154,26.007326000657443,-1.0973793269190502,0.3113342298697449
00493.HK,国美零售,2026-04-17,0.013,0.1492812916000063,-0.3636363636363636,7.0,0,-0.5,0,0,0,1.0,3.0,0.0,0,0,0,0,0,,,,,0.1539579279726063,10.439560439560442,-0.0714285714285715,-0.1333333333333333,42.857134285716,-0.00030692249466,0.2831188767286972
02197.HK,三叶草生物-B,2026-04-17,2.9,0.13995268790347928,0.6666666666666666,0.0,0,0.0,0,0,0,0.0,2.0,0.0,0,0,-2,0,0,,,,,0.6381188332690699,6.921182266009854,-0.0584415584415585,0.0820895522388058,61.15702472262824,0.2047485136375808,0.3543412944869388
00688.HK,中国海外发展,2026-04-17,12.65,0.12996834914293717,0.5,0.0,0,0.0,0,0,0,0.0,1.0,0.0,0,3,6,0,0,,,,,0.8587300929851099,2.704686617730097,0.06035205364627,0.0952380952380951,62.94820713620421,-0.2055542878531167,0.5175014908175551
03690.HK,美团-W,2026-04-17,85.25,0.12839253855050156,0.0,2.0,0,0.0,0,0,0,1.0,2.0,1.0,0,0,-1,0,0,,,,,0.5696694660196806,4.893171344784248,-0.0268264840182648,0.0277275467148885,41.68126094366537,1.1199616904750511,0.4465525314414229
01579.HK,颐海国际,2026-04-17,15.56,0.12329153259416571,0.25,1.0,0,0.0,0,0,0,1.0,2.0,1.0,0,0,-1,0,0,,,,,0.3939899103506705,3.966213734851267,-0.0176767676767676,-0.0465686274509803,46.019417463218026,0.0924643306433168,0.2990130622706203
01775.HK,精英汇集团,2026-04-17,0.45,0.10743309950875611,0.4,1.0,0,0.0,0,0,0,0.0,3.0,0.0,0,1,0,0,0,,,,,0.4256606405850572,6.349206349206352,-0.0109890109890109,-0.0999999999999999,46.66666623111112,0.0014187533564591,0.0508259212198221
00347.HK,鞍钢股份,2026-04-17,1.51,0.09358254947641234,0.0,2.0,0,-0.25,0,0,0,2.0,2.0,1.0,0,0,-3,0,0,,,,,0.3115006752638065,3.689687795648062,-0.0443037974683544,0.0066666666666665,44.9999998425,-0.0695523032204039,0.3622977421605925
02171.HK,科济药业-B,2026-04-17,24.06,0.09139689591612041,0.0,1.0,0,-0.5,0,0,0,1.0,1.0,0.0,0,3,6,0,0,,,,,1.048633790662144,5.63472271701698,0.319078947368421,0.394782608695652,89.52007834227929,1.9456242568992896,0.4315509869596297
02382.HK,舜宇光学科技,2026-04-17,63.5,0.08775098230885445,0.5,0.0,0,0.0,0,0,0,0.0,1.0,0.0,0,0,2,0,0,,,,,0.8246863449111931,3.661417322834646,0.0111464968152865,0.1880261927034612,73.65591397295063,1.751871085802101,0.3336444072129492
09888.HK,百度-SW,2026-04-17,121.7,0.08309549027927729,0.5,0.0,0,0.0,0,0,0,0.0,1.0,0.0,0,3,-1,0,0,,,,,0.9473422792293826,3.6976170912078894,0.1206261510128914,0.151371807000946,63.58543417117593,-1.45652636867338,0.2813285939080717
02357.HK,中航科工,2026-04-17,3.59,0.08068010882429952,0.5,0.0,0,0.0,0,0,0,0.0,1.0,0.0,0,3,4,0,0,,,,,0.6946604766013188,2.4870672502984483,0.0227920227920228,0.0813253012048191,49.29577455068437,-0.0933840269354302,0.3714125915344772
01548.HK,金斯瑞生物科技,2026-04-17,13.66,0.07288057893021922,0.5,0.0,0,0.0,0,0,0,0.0,1.0,0.0,0,0,-1,0,0,,,,,0.9104213654433608,4.099560761346996,0.0663544106167057,0.2474885844748859,80.60046186770421,0.4789087558601004,0.3343095780453411
02020.HK,安踏体育,2026-04-17,84.3,0.07194591458108048,0.5,0.0,0,0.0,0,0,0,0.0,1.0,0.0,0,0,2,0,0,,,,,0.8331658070133524,2.5843077444500944,0.0047675804529201,0.1136063408190224,77.66990290558329,1.2983178807250368,0.3901839581428223
01800.HK,中国交通建设,2026-04-17,4.57,0.06944343632240872,0.5,0.0,0,0.0,0,0,0,0.0,1.0,0.0,0,3,-1,1,0,,,,,0.3229339030203376,2.453891841200375,0.0,0.0155555555555555,27.39726022142992,-0.1162038728607095,0.1950622011197144
01171.HK,兖矿能源,2026-04-17,14.29,0.06467301759478289,0.0,1.0,0,0.5,0,0,0,0.0,1.0,1.0,0,3,-1,0,0,,,,,0.2725019260871331,4.858542437268821,0.0028070175438594,-0.0192175703500343,33.95833332342882,-0.071066604525507,0.260172751105067
03993.HK,洛阳钼业,2026-04-17,19.22,0.05632866464429131,0.5,0.0,0,0.0,0,0,0,0.0,1.0,0.0,0,0,-1,0,0,,,,,0.8241930765540006,4.846142411178831,0.0417344173441733,0.1937888198757762,63.380281677643325,-0.2333314268482098,0.3482378841417896
02359.HK,药明康德,2026-04-17,121.8,0.05319271890355244,0.5,0.0,0,0.0,0,0,0,0.0,1.0,0.0,0,0,-1,0,0,,,,,0.5677538326345313,4.116819141449681,-0.0609097918272937,0.0365957446808511,64.37125748233174,4.197104222852104,0.7065513911581289
00386.HK,中国石油化工股份,2026-04-17,4.54,0.05097597000134981,0.5,1.0,0,-0.5,0,0,0,1.0,4.0,0.0,0,0,-1,0,0,,,,,0.3058367882801225,2.533039647577093,-0.019438444924406,0.0111358574610245,47.25274718005072,-0.1054785265414333,0.2364586567316859
02186.HK,绿叶制药,2026-04-17,2.87,0.05075310974510904,0.5,0.0,0,0.0,0,0,0,0.0,1.0,0.0,0,0,-2,0,0,,,,,0.7302018796638864,5.176704828272775,0.0250000000000001,0.1434262948207172,71.07438008305445,0.1086629616564445,0.4671040178959724
03320.HK,华润医药,2026-04-17,6.38,0.04892237470629418,0.5,0.0,0,0.0,0,0,0,0.0,1.0,0.0,0,0,-1,0,0,,,,,0.7392004828346835,3.683385579937305,0.0063091482649841,0.1038062283737024,84.05797095764194,0.4606314336141706,0.2164401364076797
03319.HK,雅生活服务,2026-04-17,1.93,0.041921949342913815,0.5,0.0,0,0.0,0,0,0,0.0,1.0,0.0,0,3,-1,0,0,,,,,0.6090626451315595,3.663952627683198,0.0489130434782607,0.0842696629213481,44.26229498038161,-0.0455376300123868,0.4410686102056814
03968.HK,招商银行,2026-04-17,51.0,0.03235405552642776,0.5,0.0,0,0.0,0,0,0,0.0,1.0,0.0,0,0,-1,0,0,,,,,0.9022204689822412,1.6918767507002823,0.02,0.0349025974025973,74.87684726482078,0.4968120416509904,0.5878055842356233
00941.HK,中国移动,2026-04-17,81.55,0.026213934723721046,0.5,0.0,0,0.0,0,0,0,0.0,1.0,0.0,0,0,-1,0,0,,,,,0.808145907034564,1.1955855303494796,0.0055487053020961,0.0303221730890712,90.9090908833792,0.6689259445804083,0.3679874033555786
00823.HK,领展房产基金,2026-04-17,38.42,0.022016244705469323,0.5,0.0,0,0.0,0,0,0,0.0,1.0,0.0,0,0,-1,0,0,,,,,0.8414496499370951,1.825686026623036,0.0142555438225977,0.0719866071428569,70.18867922674258,0.4153579030434002,0.2777397767816294
03800.HK,协鑫科技,2026-04-17,0.96,0.014907592076353253,0.5,0.0,0,0.0,0,0,0,0.0,1.0,0.0,0,0,-1,0,0,,,,,0.5423773664292386,4.538690476190479,-0.0204081632653061,0.1162790697674418,54.838709429760655,-0.023855869836887,0.304909632241785
06865.HK,福莱特玻璃,2026-04-17,9.38,0.013700597843325373,0.5,0.0,0,0.0,0,0,0,0.0,1.0,0.0,0,0,-1,0,0,,,,,0.4992371858577225,5.003045994517208,-0.0477157360406089,0.0919674039580908,50.231481465202776,-0.1543756436091019,0.5271505830103944
06098.HK,碧桂园服务,2026-04-17,6.23,0.012379397061661012,0.5,0.0,0,0.0,0,0,0,0.0,1.0,0.0,0,0,-1,0,0,,,,,0.7095189493123673,2.728731942215088,-0.0095389507154212,0.0541455160744501,62.18487387642119,0.0506985036989124,0.3387202740387862
02628.HK,中国人寿,2026-04-17,27.4,0.009245380523925853,0.5,0.0,0,0.0,0,0,0,0.0,1.0,0.0,0,0,-1,0,0,,,,,0.6450912732216296,3.826903023983314,0.0088365243004417,0.113821138211382,50.247524743769,-0.5031883807761943,0.4413233606057504
01638.HK,佳兆业集团,2026-04-17,0.088,0.007868572385542382,0.0,1.0,0,0.0,0,0,0,0.0,1.0,0.0,0,1,2,0,0,,,,,0.6090323132388709,9.821428571428571,0.0602409638554215,-0.0112359550561798,35.29411619377167,9.810048773384315e-05,0.2372697915602588
00066.HK,港铁公司,2026-04-17,33.62,0.0027691253717290073,0.5,0.0,0,0.0,0,0,0,0.0,1.0,0.0,0,0,-2,0,0,,,,,0.8095526912337166,2.0396022775558764,0.0120409391932569,0.0512820512820511,61.76470586418685,-0.1205404832659837,0.3376417284493454
06030.HK,中信证券,2026-04-17,26.56,0.0019443863187095375,0.25,1.0,0,-0.5,0,0,0,1.0,2.0,0.0,0,0,-1,0,0,,,,,0.7534062361186856,3.716652323580035,-0.0126394052044609,0.1169049621530697,63.82352939862459,0.1730829827259832,0.2144658274307739
02333.HK,长城汽车,2026-04-17,12.9,0.0018770889545723125,0.5,0.0,0,0.0,0,0,0,0.0,1.0,0.0,0,0,-1,0,0,,,,,0.4729865447379255,4.191583610188261,-0.0618181818181817,0.0453808752025932,51.508620674113786,0.1193447347399416,0.6200112816817483
02057.HK,中通快递-W,2026-04-17,194.9,0.0003774595683356829,0.25,1.0,0,0.0,0,0,0,0.0,2.0,0.0,0,0,-2,0,0,,,,,0.6187982150596275,3.309389430477166,0.0067148760330579,0.0339522546419097,49.999999998349054,2.488497678061634,0.2180642900255057
00857.HK,中国石油股份,2026-04-17,10.54,-0.00042920591788321214,0.0,1.0,0,0.5,0,0,0,0.0,1.0,1.0,0,0,-1,0,0,,,,,0.1864323094679658,3.171591217132013,-0.0240740740740742,-0.0195348837209302,46.15384612623271,0.133422999362109,0.2097304231766347
00241.HK,阿里健康,2026-04-17,4.68,-0.010512421711763323,0.25,1.0,0,-0.5,0,0,0,1.0,2.0,0.0,0,3,-1,0,0,,,,,0.4069001635804213,3.968253968253968,0.0086206896551723,0.004291845493562,43.52941172885812,-0.1863577712161337,0.3358833562351585
02318.HK,中国平安,2026-04-17,60.9,-0.020330592288007758,0.5,0.0,0,0.0,0,0,0,0.0,1.0,0.0,0,0,-1,0,0,,,,,0.4910064224842899,2.932207365704901,-0.0294820717131474,0.024390243902439,51.60142348240269,-0.5902388582974396,0.6986360778266567
00700.HK,腾讯控股,2026-04-17,506.0,-0.03125530107346728,0.5,0.0,0,0.0,0,0,0,0.0,1.0,0.0,0,3,-1,0,0,,,,,0.5533665495225608,2.8670242800677577,0.0029732408325073,0.0454545454545454,50.20475020417455,-7.488635183027668,0.2763066041945924
00388.HK,香港交易所,2026-04-17,406.4,-0.03238333819281274,0.25,1.0,0,-0.5,0,0,0,1.0,2.0,0.0,0,0,-2,0,0,,,,,0.6763799284851834,2.133717660292461,-0.0048971596474045,0.0458054554812144,55.440414506766615,1.813149814377141,0.3333479334606561
02126.HK,药明巨诺-B,2026-04-17,2.39,-0.035322509515769956,0.0,1.0,0,0.0,0,0,0,0.0,1.0,0.0,0,0,-1,0,0,,,,,0.8597917290141996,5.947399880454272,0.0482456140350877,0.2447916666666667,68.90756294414237,0.0812919223025891,0.617932861197955
03888.HK,金山软件,2026-04-17,24.24,-0.04343305461133917,0.0,1.0,0,0.0,0,0,0,0.0,1.0,0.0,0,3,-1,0,0,,,,,0.7556538889493767,4.467232437529469,0.0548302872062662,0.0782918149466191,57.04989153146745,-0.4039177905643569,0.3402087652428535
00135.HK,昆仑能源,2026-04-17,7.42,-0.05247757631042788,0.0,1.0,0,-0.5,0,0,0,1.0,1.0,0.0,0,3,-1,1,0,,,,,0.3845727300843974,2.435502502887946,0.0027027027027026,0.036312849162011,41.96428566183036,-0.2071769933733929,0.6804468412649745
01928.HK,金沙中国有限公司,2026-04-17,17.35,-0.05614095801261498,0.0,2.0,0,-0.5,0,0,0,1.0,2.0,0.0,0,0,-1,0,0,,,,,0.7657871520591008,2.696582955948953,0.0081348053457293,0.0521528198908431,52.8089887432774,-0.0197062495266173,0.2197719056055163
02638.HK,港灯-SS,2026-04-17,6.4,-0.06702390191481973,0.25,1.0,0,-0.5,0,0,0,1.0,2.0,0.0,0,3,-2,0,0,,,,,0.3208806049963114,1.25,-0.0077519379844961,-0.0092879256965943,46.93877537609337,-0.088894817536155,0.3564554869609605
02314.HK,理文造纸,2026-04-17,3.29,-0.07814638144918631,0.5,0.0,0,0.0,0,0,0,0.0,1.0,0.0,0,0,-2,0,0,,,,,0.0453519287707775,3.755970473295699,-0.0351906158357772,-0.0463768115942029,32.63157889927976,-0.0835689345573835,0.4352069731332392
06160.HK,百济神州,2026-04-17,191.5,-0.08170486207661962,0.0,1.0,0,-0.5,0,0,0,1.0,1.0,0.0,0,0,-1,0,0,,,,,0.7925855053179867,3.480044759418128,0.0126916975145425,0.1159673659673659,72.08029196896143,2.279045809177461,0.5958598780763213
09999.HK,网易-S,2026-04-17,182.1,-0.09216081181199227,0.0,1.0,0,-0.5,0,0,0,1.0,1.0,0.0,0,3,-1,0,0,,,,,0.7376312664925985,2.961481132815565,0.0207399103139012,0.0680351906158358,57.07317072975847,-0.7998414854908447,0.3269119479431098
01797.HK,东方甄选,2026-04-17,27.88,-0.10122168567527703,0.0,1.0,0,-0.5,0,0,0,1.0,1.0,0.0,0,0,-2,0,0,,,,,0.5087547221839316,6.533101045296169,-0.0681818181818182,0.0265095729013253,56.52173912355387,0.7246216251311459,0.3005251052712436
09863.HK,零跑汽车,2026-04-17,56.65,-0.10402920289150279,0.0,0.0,0,0.0,0,0,0,0.0,0.0,0.0,0,0,-1,0,0,,,,,0.8343219822493035,4.38280166435506,0.0328167730173198,0.2048064653339003,79.9119427566386,3.320238078419507,0.3959228427479965
06655.HK,华新建材,2026-04-17,17.21,-0.1047291904959019,0.0,1.0,0,-0.5,0,0,0,1.0,1.0,0.0,0,0,-1,0,0,,,,,0.6332986558714553,4.727318004482442,-0.0342312008978675,0.0736119775421084,64.78102188126033,0.1924623869230295,0.1158714453852624
01810.HK,小米集团-W,2026-04-17,31.54,-0.11196877776228949,0.0,1.0,0,0.0,0,0,0,0.0,1.0,0.0,0,3,-1,0,0,,,,,0.3713180050460357,3.618987227103904,0.0207119741100323,-0.0069269521410579,44.66230936138046,-0.7818655624888216,0.3141413333190284
01398.HK,工商银行,2026-04-17,7.0,-0.11901905145796282,-0.25,2.0,0,0.0,0,0,0,0.0,1.0,0.0,0,0,1,0,0,,,,,0.7657775448114659,1.765306122448981,0.0043041606886657,0.0204081632653061,78.66666651982214,0.1476916570094477,0.5747881901077575
01513.HK,丽珠医药,2026-04-17,28.84,-0.12150362058344254,0.0,1.0,0,-0.5,0,0,0,1.0,1.0,0.0,0,0,-1,0,0,,,,,0.6891104474713198,3.0612244897959173,-0.0055172413793103,0.0517870167760758,66.35220124325579,0.2389920550384516,0.268689411331119
00939.HK,建设银行,2026-04-17,8.61,-0.12188720630174854,-0.4,3.0,0,-0.5,0,0,0,1.0,1.0,0.0,0,0,2,0,0,,,,,0.8491467187094593,1.6343122614899632,0.0189349112426036,0.0262216924910605,81.17647045453285,0.1499450073659556,0.5238741068467041
00525.HK,广深铁路股份,2026-04-17,2.26,-0.1241499438793309,0.0,1.0,0,-0.5,0,0,0,1.0,1.0,0.0,0,0,-1,0,0,,,,,0.6404144646920769,3.4766118836915285,-0.017391304347826,0.0044444444444442,64.15094322677106,0.0349627884307008,0.2220587499997846
00101.HK,恒隆地产,2026-04-17,9.24,-0.12454912384911777,0.0,1.0,0,0.0,0,0,0,0.0,1.0,0.0,0,0,-2,0,0,,,,,0.6795819706797857,2.566481137909709,-0.0064516129032258,0.0584192439862543,59.49999995835002,0.019162454756838,0.3688029655946317
01113.HK,长实集团,2026-04-17,47.18,-0.12508950796038495,0.0,1.0,0,0.0,0,0,0,0.0,1.0,0.0,0,0,-2,0,0,,,,,0.6491817080175251,2.286077635802096,-0.0179017485428809,0.0611785874943768,64.86486485370875,0.5102285681093548,0.2395964758339014
00023.HK,东亚银行,2026-04-17,13.77,-0.12957259215864295,0.0,1.0,0,-0.5,0,0,0,1.0,1.0,0.0,0,0,1,0,0,,,,,0.7034575183357958,1.991907874260816,-0.0093525179856115,0.0535577658760519,54.77386930819928,-0.0505492721013656,0.2038594084483349
02015.HK,理想汽车-W,2026-04-17,70.9,-0.13115591491572448,0.0,1.0,0,-0.5,0,0,0,1.0,1.0,0.0,0,0,-1,0,0,,,,,0.5801922231627316,3.621801329840821,-0.0444743935309972,0.0472673559822747,51.19363394845247,0.9041790288592182,0.2800151265626358
02196.HK,复星医药,2026-04-17,19.98,-0.13394726909791824,0.0,1.0,0,-0.5,0,0,0,1.0,1.0,0.0,0,0,-2,0,0,,,,,0.6180918994477279,3.6572286572286576,0.001002004008016,0.0080726538849646,59.84848483261594,0.1726829858022931,0.4004524293265101
01093.HK,石药集团,2026-04-17,8.82,-0.13670525008398687,0.0,1.0,0,-0.5,0,0,0,1.0,1.0,0.0,0,0,-2,0,0,,,,,0.3763970517911379,5.596047942986719,-0.0475161987041036,-0.0307692307692306,53.81062353918363,-0.0135582724080602,0.6186061905198269
01177.HK,中国生物制药,2026-04-17,5.97,-0.1400734260801967,0.0,1.0,0,-0.5,0,0,0,1.0,1.0,0.0,0,0,-2,0,0,,,,,0.4763199331290575,4.857621440536013,0.0084459459459458,0.0135823429541594,51.0309277982251,-0.0391732822509336,0.3461683654380837
02376.HK,鲁商服务,2026-04-17,1.68,-0.14830854671687826,0.0,1.0,0,-0.5,0,0,0,1.0,1.0,0.0,0,0,-5,0,0,,,,,0.1237104842096617,9.31122448979592,-0.3198380566801621,-0.1428571428571429,40.5228757799137,-0.186393882088182,0.2480192903892525
01024.HK,快手-W,2026-04-17,46.22,-0.14959262936602608,0.0,1.0,0,-0.5,0,0,0,1.0,1.0,0.0,0,3,-1,0,0,,,,,0.3876262833471869,4.622303270074798,0.0239255649091714,0.0243794326241135,32.05465054940218,-3.9394934765402,0.2790398622822785
06186.HK,中国飞鹤,2026-04-17,3.35,-0.15023200947407755,0.0,1.0,0,0.0,0,0,0,0.0,1.0,0.0,0,3,-1,0,0,,,,,0.2057893316476315,3.219616204690831,-0.0147058823529411,-0.0373563218390804,19.17808215500095,-0.1233188483344296,0.3237098950674407
03383.HK,雅居乐集团,2026-04-17,0.244,-0.1524212048828651,0.0,0.0,0,0.0,0,0,0,0.0,0.0,0.0,0,3,4,0,0,,,,,0.4018342346329543,3.1323185011709618,0.0382978723404254,-0.0040816326530612,28.947367354570677,-0.0092387172918288,0.1635082190546862
01848.HK,中国飞机租赁,2026-04-17,3.93,-0.15347416484244303,-0.25,2.0,0,-0.6666666666666666,0,0,0,2.0,1.0,0.0,0,0,-2,0,0,,,,,0.4492995428857835,2.78080697928026,-0.0461165048543689,-0.0050632911392405,51.16279061438616,-0.0672473701053171,0.1031690470184428
02282.HK,美高梅中国,2026-04-17,11.31,-0.15380255454516137,-0.25,2.0,0,-0.5,0,0,0,1.0,1.0,0.0,0,3,-1,0,0,,,,,0.5104988473002228,3.056713401540985,0.0116279069767442,0.0216802168021681,47.717842295931554,-0.27660307238515,0.2793026912363413
06618.HK,京东健康,2026-04-17,48.18,-0.1590790131282109,0.0,1.0,0,-0.5,0,0,0,1.0,1.0,0.0,0,0,-1,0,0,,,,,0.3706527808042676,4.529146652434322,-0.0608187134502923,0.0237994050148746,46.66361974107271,-1.0515208432652017,0.4119062877107903
06887.HK,东阳光药,2026-04-17,44.18,-0.16309065894625757,-0.25,2.0,0,-0.5,0,0,0,1.0,1.0,0.0,0,0,-1,0,0,,,,,0.6814812955846223,2.7678975619220068,0.0045475216007275,-0.0182222222222222,62.16216215040175,0.4918582979193004,0.1117837566142594
01833.HK,平安好医生,2026-04-17,12.01,-0.16453196260484296,-0.25,2.0,0,-0.5,0,0,0,1.0,1.0,0.0,0,0,-1,0,0,,,,,0.5551528454920442,4.853098608302603,-0.0115226337448559,0.0425347222222223,42.62948205982444,-0.1708858016700585,0.2410421516742759
06049.HK,保利物业,2026-04-17,31.46,-0.16712762213761756,0.0,1.0,0,-0.5,0,0,0,1.0,1.0,0.0,0,0,-1,0,0,,,,,0.5779659380956663,1.8254472799927373,0.0057544757033247,0.0083333333333333,50.574712623332005,-0.1483984195186387,0.3337793592991797
02607.HK,上海医药,2026-04-17,11.62,-0.1729179374098466,0.0,1.0,0,-0.5,0,0,0,1.0,1.0,0.0,0,0,-2,0,0,,,,,0.5152033304078869,1.702729284484876,-0.0308590492076731,0.0060606060606058,60.25641020233397,0.0647746599831649,1.03040303024715
01876.HK,百威亚太,2026-04-17,7.36,-0.1743212492657991,0.0,1.0,0,-0.5,0,0,0,1.0,1.0,0.0,0,0,-2,0,0,,,,,0.4896409130509869,2.183618012422361,-0.0466321243523315,0.0222222222222221,57.44680845359892,-0.0038832675033866,0.3402853315943906
01128.HK,永利澳门,2026-04-17,5.68,-0.17677255470723033,-0.25,2.0,0,-0.5,0,0,0,1.0,1.0,0.0,0,0,-1,0,0,,,,,0.7200964154306994,2.263581488933605,0.0070921985815601,0.0402930402930401,51.61290314810957,0.0013556450057068,0.3581803330427962
03988.HK,中国银行,2026-04-17,5.09,-0.18191740661628764,0.0,0.0,0,0.0,0,0,0,0.0,0.0,0.0,0,0,-1,0,0,,,,,0.7461115533031585,1.5997754701094553,0.0099206349206348,0.0241448692152916,80.8510635889543,0.1265030708506653,0.1408453356690707
06169.HK,宇华教育,2026-04-17,0.46,-0.20199083133138845,0.0,1.0,0,-0.5,0,0,0,1.0,1.0,0.0,0,0,-1,0,0,,,,,0.1259283734648487,3.2608695652173862,-0.0515463917525772,-0.0212765957446807,38.461537633136125,-0.0120141229748312,0.8166332785241245
02328.HK,中国财险,2026-04-17,14.27,-0.20682581294393315,0.0,1.0,0,-0.5,0,0,0,1.0,1.0,0.0,0,0,-1,0,0,,,,,0.1455405687213957,3.383722094303734,-0.0358108108108108,0.0007012622720896,30.62730625724052,-0.292370383185716,0.5990544583533524
00881.HK,中升控股,2026-04-17,7.55,-0.22011672473464441,0.0,1.0,0,0.0,0,0,0,0.0,1.0,0.0,0,0,-7,0,0,,,,,0.0476674064718265,4.957426679280983,-0.085956416464891,-0.087061668681983,43.64406777071962,-0.5301100960476148,0.2727124644018783
01766.HK,中国中车,2026-04-17,5.1,-0.22015605157820287,-0.25,2.0,0,-0.5,0,0,0,1.0,1.0,0.0,0,0,-1,0,0,,,,,0.3107387365263016,3.207282913165265,-0.0304182509505703,0.0059171597633134,37.3831775211809,-0.1216139049221478,0.3475199306592463
01211.HK,比亚迪股份,2026-04-17,110.8,-0.24026105369548795,-0.5,1.0,0,0.0,0,0,0,0.0,0.0,0.0,0,0,-1,0,0,,,,,0.8889833424615525,4.428829293450233,0.0542340627973358,0.0472589792060491,55.82010581803839,2.7212004701409427,0.2818862499526355
01919.HK,中远海控,2026-04-17,14.82,-0.25870886698657447,-0.25,2.0,0,-0.5,0,0,0,1.0,1.0,0.0,0,0,-3,0,0,,,,,0.1877390260929521,2.433969539232696,-0.0401554404145076,-0.0053691275167785,42.28855718447562,-0.0202032920503469,0.4202560265426951
02688.HK,新奥能源,2026-04-17,61.05,-0.3047428485853274,0.0,1.0,0,-0.5,0,0,0,1.0,1.0,0.0,0,0,-7,0,0,,,,,-0.0933263606939701,2.509652509652508,-0.0650842266462481,-0.0363062352012628,30.10752687718815,-1.1156450534265616,1.038971561428394
02331.HK,李宁,2026-04-17,20.82,-0.38036118061829505,-0.6666666666666666,2.0,0,-0.5,0,0,0,1.0,0.0,0.0,0,0,-1,0,0,,,,,0.2754918073422162,3.616028543982432,-0.0947826086956521,-0.0271028037383176,39.9293286120316,0.1489860650723642,0.2756143582808926
