date,nav,cash,n_pos,ret
2024-04-03,1000000.0,1000000.0,0,0.0
2024-04-05,1000000.0,1000000.0,0,0.0
2024-04-08,1000000.0,1000000.0,0,0.0
2024-04-09,1000000.0,1000000.0,0,0.0
2024-04-10,1000000.0,1000000.0,0,0.0
2024-04-11,1000000.0,1000000.0,0,0.0
2024-04-12,1000000.0,1000000.0,0,0.0
2024-04-15,1000000.0,1000000.0,0,0.0
2024-04-16,1000000.0,1000000.0,0,0.0
2024-04-17,1000000.0,1000000.0,0,0.0
2024-04-18,1000000.0,1000000.0,0,0.0
2024-04-19,1000000.0,1000000.0,0,0.0
2024-04-22,1000000.0,1000000.0,0,0.0
2024-04-23,1000000.0,1000000.0,0,0.0
2024-04-24,1000000.0,1000000.0,0,0.0
2024-04-25,1000000.0,1000000.0,0,0.0
2024-04-26,1000000.0,1000000.0,0,0.0
2024-04-29,1000000.0,1000000.0,0,0.0
2024-04-30,1000000.0,1000000.0,0,0.0
2024-05-02,1000000.0,1000000.0,0,0.0
2024-05-03,1000000.0,1000000.0,0,0.0
2024-05-06,1000000.0,1000000.0,0,0.0
2024-05-07,1000000.0,1000000.0,0,0.0
2024-05-08,1000000.0,1000000.0,0,0.0
2024-05-09,1000000.0,1000000.0,0,0.0
2024-05-10,1000000.0,1000000.0,0,0.0
2024-05-13,1000000.0,1000000.0,0,0.0
2024-05-14,1000000.0,1000000.0,0,0.0
2024-05-16,1000000.0,1000000.0,0,0.0
2024-05-17,1000000.0,1000000.0,0,0.0
2024-05-20,1000000.0,1000000.0,0,0.0
2024-05-21,1000000.0,1000000.0,0,0.0
2024-05-22,1000000.0,1000000.0,0,0.0
2024-05-23,1000000.0,1000000.0,0,0.0
2024-05-24,1000000.0,1000000.0,0,0.0
2024-05-27,1000000.0,1000000.0,0,0.0
2024-05-28,1000000.0,1000000.0,0,0.0
2024-05-29,1000000.0,1000000.0,0,0.0
2024-05-30,1000000.0,1000000.0,0,0.0
2024-05-31,1000000.0,1000000.0,0,0.0
2024-06-03,1000000.0,1000000.0,0,0.0
2024-06-04,1000000.0,1000000.0,0,0.0
2024-06-05,1000000.0,1000000.0,0,0.0
2024-06-06,1000000.0,1000000.0,0,0.0
2024-06-07,1000000.0,1000000.0,0,0.0
2024-06-11,1000000.0,1000000.0,0,0.0
2024-06-12,1000000.0,1000000.0,0,0.0
2024-06-13,1000000.0,1000000.0,0,0.0
2024-06-14,1000000.0,1000000.0,0,0.0
2024-06-17,1000000.0,1000000.0,0,0.0
2024-06-18,1000000.0,1000000.0,0,0.0
2024-06-19,1000000.0,1000000.0,0,0.0
2024-06-20,1000000.0,1000000.0,0,0.0
2024-06-21,1000000.0,1000000.0,0,0.0
2024-06-24,1000000.0,1000000.0,0,0.0
2024-06-25,1000000.0,1000000.0,0,0.0
2024-06-26,1000000.0,1000000.0,0,0.0
2024-06-27,1000000.0,1000000.0,0,0.0
2024-06-28,1000000.0,1000000.0,0,0.0
2024-07-02,1000000.0,1000000.0,0,0.0
2024-07-03,998000.005525776,331335.1807843877,2,-0.001999994474224054
2024-07-04,1014046.8129849236,331335.1807843877,2,0.016078965300900583
2024-07-05,1027232.4535853742,331335.1807843877,2,0.01300299003123695
2024-07-08,1017798.5944675019,331335.1807843877,2,-0.009183762725705424
2024-07-09,1015888.4263558355,331335.1807843877,2,-0.0018767643441929271
2024-07-10,996881.5904945116,23440.450489015784,6,-0.018709570232534944
2024-07-11,1020487.0506359464,23440.450489015784,6,0.023679301901567973
2024-07-12,1024259.7189923414,23440.450489015784,6,0.0036969291810649008
2024-07-15,1056756.82813531,711130.9948507429,4,0.03172741106614918
2024-07-16,1058991.0217371355,711130.9948507429,4,0.002114198406238721
2024-07-17,1061179.502622033,148.73155871624476,8,0.002066571708330134
2024-07-18,1085596.3164454517,148.73155871624476,8,0.02300912688483714
2024-07-19,1071822.0590233782,148.73155871624476,8,-0.012688194693930344
2024-07-22,1096156.7735089906,350603.6090226459,4,0.02270406200427133
2024-07-23,1090262.0810899786,350603.6090226459,4,-0.005377599775388098
2024-07-24,1079954.8765962494,157343.47657825617,4,-0.009453877808374922
2024-07-25,1058395.9493151372,157343.47657825617,4,-0.019962803769228432
2024-07-26,1086512.1765340462,157343.47657825617,4,0.026564942200602903
2024-07-29,1094600.1526382286,719366.3911830042,1,0.0074439810973705445
2024-07-30,1090629.4250037817,719366.3911830042,1,-0.0036275599129751424
2024-07-31,1098570.8802726753,719366.3911830042,1,0.007281534026891023
2024-08-01,1097578.1983640636,719366.3911830042,1,-0.0009036120713169504
2024-08-02,1092614.7888210053,719366.3911830042,1,-0.004522146622861434
2024-08-05,1073680.3740961454,1073680.3740961454,0,-0.017329451256367534
2024-08-06,1073680.3740961454,1073680.3740961454,0,0.0
2024-08-07,1070674.4339788628,68694.39488460697,14,-0.0027996601128273957
2024-08-08,1077844.844186858,68694.39488460697,14,0.0066970966901194195
2024-08-09,1082701.8858387994,68694.39488460697,14,0.0045062530828410274
2024-08-12,1087276.4823326385,68694.39488460697,14,0.0042251671985358286
2024-08-13,1093820.9442294715,68694.39488460697,14,0.006019133130510168
2024-08-14,1089686.4180470442,20794.1290863202,14,-0.003779893047613725
2024-08-15,1092889.1273302753,20794.1290863202,14,0.0029391109498924095
2024-08-16,1110205.3777341614,20794.1290863202,14,0.015844471292514983
2024-08-19,1109108.5711821523,987544.6145244837,1,-0.000987931218859428
2024-08-20,1109556.3205621068,987544.6145244837,1,0.00040370202844730585
2024-08-21,1106033.8180162746,34400.91074843703,13,-0.0031746946780021323
2024-08-22,1122669.7048333012,34400.91074843703,13,0.015041029077089041
2024-08-23,1129762.4103077333,34400.91074843703,13,0.00631771343245191
2024-08-26,1138787.6574756235,155600.1755361326,12,0.007988624055417004
2024-08-27,1148139.2122917555,155600.1755361326,12,0.0082118512215541
2024-08-28,1138067.9366454622,91372.15750999589,12,-0.008771824477791679
2024-08-29,1162321.6273496072,91372.15750999589,12,0.021311285489365783
2024-08-30,1190534.7038134742,91372.15750999589,12,0.024273037513893758
2024-09-02,1178439.4556539601,829365.4697758618,3,-0.010159509101894337
2024-09-03,1184142.8461673039,829365.4697758618,3,0.0048397823799770645
2024-09-04,1181725.574925614,37750.702825270884,7,-0.0020413679392766726
2024-09-05,1198732.9386720501,37750.702825270884,7,0.01439197399743719
2024-09-09,1188846.8257173623,37750.702825270884,7,-0.008247135484271917
2024-09-10,1202776.1672834419,391912.40299203625,4,0.011716683146017814
2024-09-11,1214694.5294948593,391912.40299203625,4,0.00990904420590244
2024-09-12,1204652.336441161,69487.07390034146,8,-0.008267257989442278
2024-09-13,1212451.373426294,69487.07390034146,8,0.006474097753525365
2024-09-16,1213247.5573865816,69487.07390034146,8,0.0006566729006522998
2024-09-17,1219390.4554572124,888909.290485637,4,0.005063186019399923
2024-09-19,1224806.3282397606,888909.290485637,4,0.004441459057113573
2024-09-20,1233014.8211386367,63369.558348303486,14,0.00670187009130907
2024-09-23,1230853.0591129444,63369.558348303486,14,-0.0017532327986908847
2024-09-24,1286802.3610632224,63369.558348303486,14,0.04545571182201047
2024-09-25,1289725.602479796,419636.89956208377,10,0.0022717097085198645
2024-09-26,1369083.7130942536,419636.89956208377,10,0.061531003542050655
2024-09-27,1422541.391373531,134105.26676208377,12,0.03904631818200377
2024-09-30,1531332.851512135,134105.26676208377,12,0.07647683279961415
2024-10-02,1664087.1477770077,134105.26676208377,12,0.08669199262184102
2024-10-03,1614895.93135995,1266213.67135995,2,-0.029560480941620337
2024-10-04,1628240.17135995,1266213.67135995,2,0.008263219778355868
2024-10-07,1658688.50395995,1658688.50395995,0,0.018700148255505145
2024-10-08,1658688.50395995,1658688.50395995,0,0.0
2024-10-09,1658688.50395995,1658688.50395995,0,0.0
2024-10-10,1658688.50395995,1658688.50395995,0,0.0
2024-10-14,1658688.50395995,1658688.50395995,0,0.0
2024-10-15,1654334.6937545836,203064.62529901642,7,-0.0026248510163132677
2024-10-16,1657202.127836517,203064.62529901642,7,0.0017332853459208764
2024-10-17,1650392.9901299214,203064.62529901642,7,-0.004108815449980763
2024-10-18,1711542.352155965,203064.62529901642,7,0.03705139466281304
2024-10-21,1700980.6038600495,203064.62529901642,7,-0.006170895089222528
2024-10-22,1691160.2680612374,81880.15929901644,8,-0.005773337906691434
2024-10-23,1748153.8738691085,81880.15929901644,8,0.033700889788055965
2024-10-24,1725065.4433247417,81880.15929901644,8,-0.013207321672014105
2024-10-25,1747711.5997207772,1575540.2497207772,1,0.01312770856529899
2024-10-28,1747711.5997207772,1575540.2497207772,1,0.0
2024-10-29,1730943.8097038246,8991.320719560259,10,-0.009594140142819674
2024-10-30,1733698.5870371,8991.320719560259,10,0.001591488595893198
2024-10-31,1754957.0574698937,8991.320719560259,10,0.01226191830099177
2024-11-01,1775194.774262757,174623.17996956027,9,0.011531744726585913
2024-11-04,1784674.9038408613,174623.17996956027,9,0.005340332066965159
2024-11-05,1820369.6443896235,16774.85928643853,9,0.02000069618950895
2024-11-06,1813101.2098452444,16774.85928643853,9,-0.003992834404144441
2024-11-07,1963575.165344164,16774.85928643853,9,0.08299258457378844
2024-11-08,2028341.941865359,1417211.7213598145,2,0.032984108611825436
2024-11-11,2125779.3249223153,1417211.7213598145,2,0.04803794717539023
2024-11-12,2083030.0331966686,1417211.7213598145,2,-0.020109938611435618
2024-11-13,2131645.0215721307,1417211.7213598145,2,0.0233385921473519
2024-11-14,2098115.6851178007,1417211.7213598145,2,-0.015729324589701887
2024-11-15,2111083.2939573997,2111083.2939573997,0,0.006180597634143803
2024-11-18,2111083.2939573997,2111083.2939573997,0,0.0
2024-11-19,2106861.245610104,699511.7965114679,2,-0.0019999439905477034
2024-11-20,2165672.0319122015,699511.7965114679,2,0.02791393425866895
2024-11-21,2182655.8391726213,699511.7965114679,2,0.007842280368474563
2024-11-22,2172118.296133791,699511.7965114679,2,-0.0048278536861884325
2024-11-25,2175618.0319122015,699511.7965114679,2,0.0016112086457904518
2024-11-26,2121294.5033386373,167200.65892605204,3,-0.02496923990183053
2024-11-27,2196587.155425923,167200.65892605204,3,0.035493728932397106
2024-11-28,2179806.257597818,167200.65892605204,3,-0.007639531983355763
2024-11-29,2191584.660687998,1609550.5172819453,1,0.005403417413417211
2024-12-02,2211925.806287574,1609550.5172819453,1,0.009281478358764694
2024-12-03,2207040.926674728,130934.32002626717,11,-0.002208428329268819
2024-12-04,2206432.024464029,130934.32002626717,11,-0.00027589076547684943
2024-12-05,2207256.6679502805,130934.32002626717,11,0.00037374524893962757
2024-12-06,2233208.2126267953,710761.4491347657,10,0.011757375140524218
2024-12-09,2291377.191739148,710761.4491347657,10,0.026047270820275026
2024-12-10,2279307.050205777,138809.95672740694,12,-0.00526763623941362
2024-12-11,2355934.6376381447,138809.95672740694,12,0.03361880858721933
2024-12-12,2375504.485790213,138809.95672740694,12,0.008306617611296474
2024-12-13,2336637.9106973903,1742116.894133879,2,-0.016361398315732356
2024-12-16,2339086.2813192364,1742116.894133879,2,0.0010478177259032329
2024-12-17,2325898.432279671,173823.3552735155,5,-0.005638034451695084
2024-12-18,2386286.9923456265,173823.3552735155,5,0.025963541325734862
2024-12-19,2396584.510948782,173823.3552735155,5,0.004315289249024135
2024-12-20,2393154.2549434337,459271.58383598534,4,-0.001431310262449359
2024-12-23,2403435.242176293,459271.58383598534,4,0.004295998559901593
2024-12-24,2409927.9192052996,459271.58383598534,4,0.0027014154220055264
2024-12-27,2462431.627915998,459271.58383598534,4,0.021786422860320176
2024-12-30,2463806.6350379162,459271.58383598534,4,0.0005583940306526092
2024-12-31,2462500.8109737067,2462500.8109737067,0,-0.0005300026575297823
2025-01-02,2462500.8109737067,2462500.8109737067,0,0.0
2025-01-03,2456590.8412755225,486600.9418807106,4,-0.0023999869043077604
2025-01-06,2459486.291772738,486600.9418807106,4,0.0011786458080711437
2025-01-07,2430073.6421747752,486600.9418807106,4,-0.011958858927716531
2025-01-08,2440650.5979696307,486600.9418807106,4,0.00435252480060222
2025-01-09,2436229.7454523644,486600.9418807106,4,-0.001811341828668156
2025-01-10,2423676.5774431466,179.9227776947373,6,-0.00515270287322056
2025-01-13,2449095.140635995,179.9227776947373,6,0.01048760524791792
2025-01-14,2480820.053869262,179.9227776947373,6,0.012953728381914997
2025-01-15,2496271.8684239853,1977842.7340807428,2,0.006228510822711142
2025-01-16,2503731.942878566,1977842.7340807428,2,0.0029884863699924935
2025-01-17,2489380.4256037944,226410.874477289,9,-0.005732050236285202
2025-01-20,2519691.116445994,226410.874477289,9,0.012175997903111968
2025-01-21,2546993.2383513143,226410.874477289,9,0.010835503497678589
2025-01-22,2507588.510385734,742013.953227864,7,-0.015471076786637727
2025-01-23,2521808.7196927588,742013.953227864,7,0.00567087033942304
2025-01-24,2560457.0877113943,7683.658314275439,11,0.015325654050139192
2025-01-27,2591617.9421283114,7683.658314275439,11,0.012170035798088508
2025-01-28,2599205.5008049672,7683.658314275439,11,0.0029277304163224382
2025-02-03,2582743.537386425,1837523.8163888988,4,-0.006333459748928738
2025-02-04,2608060.877801812,1837523.8163888988,4,0.00980249879591466
2025-02-05,2582002.975284052,107668.52874302043,10,-0.009991293815090119
2025-02-06,2664619.9243971533,107668.52874302043,10,0.03199723234401475
2025-02-07,2692219.3447484695,107668.52874302043,10,0.010357732485078763
2025-02-10,2787344.1074217623,888778.536752043,6,0.03533321415985147
2025-02-11,2739526.9890511567,888778.536752043,6,-0.017155082590371462
2025-02-12,2741560.0628595734,155037.01578351142,10,0.0007421258547706255
2025-02-13,2702435.5791416396,155037.01578351142,10,-0.0142708833003371
2025-02-14,2827649.397282108,155037.01578351142,10,0.04633369213568428
2025-02-17,2787713.3913203413,2012634.196664958,4,-0.014123393798450734
2025-02-18,2797622.0463753464,2012634.196664958,4,0.00355440235924398
2025-02-19,2793614.408257712,152826.5723870489,14,-0.0014325159193060433
2025-02-20,2780071.7274227324,152826.5723870489,14,-0.004847727300857474
2025-02-21,2859161.99580207,152826.5723870489,14,0.02844900280780105
2025-02-24,2881997.1360788667,743115.3255399697,11,0.007986654939567739
2025-02-25,2886510.1600516154,743115.3255399697,11,0.0015659363141800053
2025-02-26,2956029.940830161,27754.83137548223,14,0.024084370718896908
2025-02-27,2995318.1239275625,27754.83137548223,14,0.013290861014204847
2025-02-28,2926820.486023734,27754.83137548223,14,-0.022868234714919722
2025-03-03,2974193.8730631024,1793424.9667360126,5,0.01618595580616833
2025-03-04,2978637.6499524005,1793424.9667360126,5,0.001494111372343454
2025-03-05,2989557.782833171,191984.49845473497,13,0.0036661501545665054
2025-03-06,3074488.040981296,191984.49845473497,13,0.028408970261694533
2025-03-07,3080610.401131446,191984.49845473497,13,0.0019913429711035935
2025-03-10,3049558.355914718,1416736.993244269,8,-0.010079835218800515
2025-03-11,3071331.065661949,1416736.993244269,8,0.007139627187327635
2025-03-12,3046517.0144120855,193189.21125046548,14,-0.00807924991456943
2025-03-13,3026147.922058466,193189.21125046548,14,-0.006686026126642375
2025-03-14,3140676.8230143096,193189.21125046548,14,0.03784643180229552
2025-03-17,3169990.507035902,1854890.9390084532,6,0.009333556323524617
2025-03-18,3177742.0703389933,1854890.9390084532,6,0.0024452954309757136
2025-03-19,3179398.9722067136,31464.205854790052,12,0.0005214085445088834
2025-03-20,3146088.7841834575,31464.205854790052,12,-0.010476882050489134
2025-03-21,3074727.8614667905,31464.205854790052,12,-0.02268242494472006
2025-03-24,3099053.393349052,1110471.7653840962,7,0.007911442240828848
2025-03-25,3070175.1790826614,1110471.7653840962,7,-0.009318398427199281
2025-03-26,3080680.832722676,79511.49786196867,12,0.003421841760558264
2025-03-27,3130955.669540123,79511.49786196867,12,0.016319391571964603
2025-03-28,3174928.16320496,79511.49786196867,12,0.014044431894270737
2025-03-31,3119411.5499889087,2037464.5183009142,5,-0.01748594310241325
2025-04-01,3129132.8141663345,2037464.5183009142,5,0.0031163775672562455
2025-04-02,3114816.5495457333,1329164.356213358,2,-0.004575154034941575
2025-04-03,3168786.1794884624,1329164.356213358,2,0.017326744315198983
2025-04-07,3585107.2026801175,1329164.356213358,2,0.13138186031184396
2025-04-08,3540929.034154469,1552550.2141544695,1,-0.012322691073957892
2025-04-09,3509972.2381544695,1552550.2141544695,1,-0.008742563237331802
2025-04-10,3407385.5370716355,846092.0834603572,3,-0.02922721153395036
2025-04-11,3418360.8058430096,846092.0834603572,3,0.003221023465635353
2025-04-14,3406190.807205636,846092.0834603572,3,-0.003560185518325487
2025-04-15,3412931.644679811,846092.0834603572,3,0.0019789958507065997
2025-04-16,3413806.6711896257,846092.0834603572,3,0.0002563855948241045
2025-04-17,3428399.762355815,81430.81205690833,5,0.0042747268875376054
2025-04-22,3467190.5382341854,81430.81205690833,5,0.011314542809242045
2025-04-23,3482870.801773212,81430.81205690833,5,0.004522469522835193
2025-04-24,3467992.9069850184,2663202.9117546836,2,-0.004271733186490545
2025-04-25,3464610.274290252,2663202.9117546836,2,-0.0009753862783148382
2025-04-28,3455507.2769763237,116067.13043329219,13,-0.00262742317122322
2025-04-29,3512958.606919072,116067.13043329219,13,0.01662601908713679
2025-04-30,3549225.856777635,116067.13043329219,13,0.010323847763856753
2025-05-02,3566538.977310975,913974.2393312382,11,0.004877999099516028
2025-05-06,3574468.4769095257,913974.2393312382,11,0.00222330378246105
2025-05-07,3562354.9221299547,260398.45669309434,11,-0.0033889107871065693
2025-05-08,3535077.7688498516,260398.45669309434,11,-0.007657056603386891
2025-05-09,3581099.7398287645,260398.45669309434,11,0.013018658708005226
2025-05-12,3606767.0458722743,2704556.134206639,1,0.007167436795473714
2025-05-13,3611466.0610371996,2704556.134206639,1,0.0013028330094961849
2025-05-14,3610948.573828405,436826.3727685521,6,-0.00014329006559909985
2025-05-15,3618496.547109487,436826.3727685521,6,0.002090302070704819
2025-05-16,3703977.391226689,436826.3727685521,6,0.023623304044738003
2025-05-19,3727391.1070314823,1355070.324176912,5,0.006321236155558463
2025-05-20,3774173.477794391,1355070.324176912,5,0.012550969141568391
2025-05-21,3796040.0369937536,587697.2082202068,6,0.005793734529696559
2025-05-22,3782043.6242318614,587697.2082202068,6,-0.003687108835916386
2025-05-23,3810977.718887713,587697.2082202068,6,0.007650386280705135
2025-05-26,3789994.9523098115,2514371.8740420034,2,-0.005505874902891228
2025-05-27,3826905.3389943154,2514371.8740420034,2,0.009738901277957845
2025-05-28,3814510.3975796765,214799.4624703233,11,-0.003238894176017526
2025-05-29,3924376.4396658936,214799.4624703233,11,0.028802134647719857
2025-05-30,4007055.7055205707,214799.4624703233,11,0.0210681281792926
2025-06-02,3926914.0482279193,1593972.239852094,9,-0.020000135556448417
2025-06-03,3982889.716854935,1593972.239852094,9,0.014254365626432675
2025-06-04,3994341.4854951263,257227.63897096115,14,0.002875241207841883
2025-06-05,4000485.1279485538,257227.63897096115,14,0.0015380864344567424
2025-06-06,4016907.8314635456,257227.63897096115,14,0.004105177994603304
2025-06-09,4087442.900735506,2704228.5820508534,5,0.01755954386592462
2025-06-10,4106220.9331011428,2704228.5820508534,5,0.004594078210183206
2025-06-11,4121230.8849853883,115949.68568149919,13,0.0036554175064587024
2025-06-12,4194754.753134745,115949.68568149919,13,0.0178402691334818
2025-06-13,4162915.611281696,115949.68568149919,13,-0.00759022725446723
2025-06-16,4229853.357613096,1269949.2552120741,9,0.0160795347736562
2025-06-17,4182480.1073801415,1269949.2552120741,9,-0.011199738200779463
2025-06-18,4194690.593944797,147146.17831875867,13,0.0029194368535334636
2025-06-19,4118281.491309489,147146.17831875867,13,-0.01821567072088881
2025-06-20,4164745.1660284516,147146.17831875867,13,0.011282296952505932
2025-06-23,4188145.674665964,3025707.945225895,4,0.0056187131996428
2025-06-24,4268955.416208735,3025707.945225895,4,0.019294873631446885
2025-06-25,4255996.045521425,174502.83563660056,14,-0.003035724064511025
2025-06-26,4231628.588033467,174502.83563660056,14,-0.005725441759655836
2025-06-27,4262990.913096913,174502.83563660056,14,0.007411407785677504
2025-06-30,4287953.258803284,1393015.7417925722,10,0.0058555943972764535
2025-07-02,4366538.0254132915,1393015.7417925722,10,0.01832687108906117
2025-07-03,4355098.798153543,227259.87002810242,14,-0.0026197475421425587
2025-07-04,4363905.765730846,227259.87002810242,14,0.002022219927831914
2025-07-07,4372866.397043069,227259.87002810242,14,0.0020533512392935105
2025-07-08,4410323.099502932,3237127.0429903013,4,0.00856570932173728
2025-07-09,4426567.800232573,3237127.0429903013,4,0.0036833357473224915
2025-07-10,4449596.570097039,256079.4776574205,14,0.0052023985407512185
2025-07-11,4467417.359800218,256079.4776574205,14,0.004005034933490581
2025-07-14,4513659.948597215,256079.4776574205,14,0.010351078726851926
2025-07-15,4549063.39116603,1499369.2988967835,10,0.007843622021153518
2025-07-16,4581003.779805096,1499369.2988967835,10,0.00702131095844738
2025-07-17,4649334.880637091,254834.96432060294,14,0.014916185211028665
2025-07-18,4683779.2582252985,254834.96432060294,14,0.007408452708290936
2025-07-21,4748996.517143896,254834.96432060294,14,0.013924067579416333
2025-07-22,4770778.528213674,3458300.479880568,4,0.00458665551578008
2025-07-23,4804563.014315475,3458300.479880568,4,0.007081545685259538
2025-07-24,4829447.587257269,222602.36239566212,12,0.005179362382728536
2025-07-25,4852485.254922319,222602.36239566212,12,0.004770249029275364
2025-07-28,4918575.693404849,222602.36239566212,12,0.013619915365118862
2025-07-29,5005832.962656948,1581552.1895979815,8,0.017740353039417345
2025-07-30,5066153.577237118,1581552.1895979815,8,0.012050065399735965
2025-07-31,5010348.003893445,16866.345098824124,13,-0.011015373397761707
2025-08-01,4959677.283414772,16866.345098824124,13,-0.010113213780619246
2025-08-04,4956609.797501627,16866.345098824124,13,-0.0006184849815535909
2025-08-05,5048226.678217024,2990448.816778521,6,0.01848377912692989
2025-08-06,5061952.164964074,2990448.816778521,6,0.0027188729076441653
2025-08-07,5070999.235209218,273581.06341120973,14,0.0017872690120943613
2025-08-08,5086705.625510127,273581.06341120973,14,0.003097296917707215
2025-08-11,5116337.595265854,273581.06341120973,14,0.005825375387779719
2025-08-12,5109772.83439265,2319304.8603404174,8,-0.0012830976750397571
2025-08-13,5178206.194313617,2319304.8603404174,8,0.013392642322640924
2025-08-14,5149404.713102222,250914.28100509493,14,-0.005562057618142546
2025-08-15,5331224.706593209,250914.28100509493,14,0.03530893445379446
2025-08-18,5414651.81597466,250914.28100509493,14,0.01564877002432019
2025-08-19,5349439.377248591,3182205.667140161,6,-0.012043699381311113
2025-08-20,5349045.525068359,3182205.667140161,6,-7.362494505613881e-05
2025-08-21,5333965.05337668,312364.2715553756,14,-0.00281928273390164
2025-08-22,5382864.027292005,312364.2715553756,14,0.00916747174493926
2025-08-25,5519496.180965204,312364.2715553756,14,0.025382798632930692
2025-08-26,5500832.821029728,2149225.0279334807,9,-0.003381352087866052
2025-08-27,5410167.861539159,2149225.0279334807,9,-0.01648204234528927
2025-08-28,5370309.472926368,352186.26877400803,14,-0.007367310891801315
2025-08-29,5508925.143997235,352186.26877400803,14,0.02581148661351418
2025-09-01,5685469.297516205,352186.26877400803,14,0.03204693273266579
2025-09-02,5652399.651706724,3638700.293732023,5,-0.00581651998788002
2025-09-03,5686007.416865731,3638700.293732023,5,0.005945751756753159
2025-09-04,5648496.145651899,233878.60039202392,14,-0.006597119641906568
2025-09-05,5859799.834974793,233878.60039202392,14,0.03740884013624601
2025-09-08,5965091.930392024,233878.60039202392,14,0.017968548138587392
2025-09-09,6043605.664222024,2377912.534222024,9,0.013162200138102653
2025-09-10,6036228.684222024,2377912.534222024,9,-0.0012206256347385702
2025-09-11,6012088.009735679,366331.0109541782,14,-0.003999297533151092
2025-09-12,6240065.912096061,366331.0109541782,14,0.037919920997697476
2025-09-15,6307583.533159314,366331.0109541782,14,0.010820017290582351
2025-09-16,6248210.337956095,4075450.4800241785,5,-0.00941298595430251
2025-09-17,6341557.5533893,4075450.4800241785,5,0.014939832429479383
2025-09-18,6259790.145824704,581644.4822341787,10,-0.012893899783483653
2025-09-19,6361656.004956346,581644.4822341787,10,0.01627304698059029
2025-09-22,6360525.050859247,581644.4822341787,10,-0.00017777668208052155
2025-09-23,6287784.834337859,2727454.0943378597,5,-0.011436196845347135
2025-09-24,6313032.384337859,2727454.0943378597,5,0.004015333009189881
2025-09-25,6397671.534230631,256817.65182089934,10,0.013407051435813111
2025-09-26,6324004.390661239,256817.65182089934,10,-0.01151468048574189
2025-09-29,6549509.864959547,256817.65182089934,10,0.03565865239298627
2025-09-30,6697938.023388622,4077180.935240899,5,0.02266248337500465
2025-10-02,6720829.402659706,4077180.935240899,5,0.0034176755877926013
2025-10-03,6691816.230047956,716278.467779209,9,-0.004316903595301458
2025-10-06,6645667.4589692345,716278.467779209,9,-0.006896299822386376
2025-10-08,6636201.47589243,716278.467779209,9,-0.0014243841021609471
2025-10-09,6655381.78278289,3287770.238261123,4,0.002890253853825353
2025-10-10,6611213.73698765,3287770.238261123,4,-0.006636440588502324
2025-10-13,6572012.636236017,459135.5515886046,7,-0.005929486220104474
2025-10-14,6575264.96639506,459135.5515886046,7,0.00049487582253116
2025-10-15,6661061.768560572,459135.5515886046,7,0.013048417456027028
2025-10-16,6688800.889173224,3732332.9823446358,3,0.004164369221672404
2025-10-17,6702465.695359622,3732332.9823446358,3,0.0020429381009856584
2025-10-20,6717088.593169711,1484339.1555903526,4,0.002181719157505313
2025-10-21,6734008.560498559,1484339.1555903526,4,0.0025189436009602773
2025-10-22,6762885.498960531,1484339.1555903526,4,0.004288224198490509
2025-10-23,6903813.209710199,4435579.1406815555,1,0.020838399640409344
2025-10-24,6754868.050372263,4435579.1406815555,1,-0.02157433215725546
2025-10-27,6686913.699038734,497449.67468791344,12,-0.010060056070197332
2025-10-28,6661520.801548473,497449.67468791344,12,-0.0037974017062477605
2025-10-30,6702717.1121509345,497449.67468791344,12,0.006184220064716417
2025-10-31,6597231.664837618,497449.67468791344,12,-0.015737714354987165
2025-11-03,6693458.518860833,497449.67468791344,12,0.014585944364526648
2025-11-04,6636245.419391428,509215.8912481421,12,-0.008547613958940548
2025-11-05,6682333.131040227,509215.8912481421,12,0.006944847385259134
2025-11-06,6787409.194682125,509215.8912481421,12,0.015724457548188964
2025-11-07,6762420.590205295,5697861.372618882,2,-0.0036816116076231475
2025-11-10,6788065.148534056,5697861.372618882,2,0.003792215817795208
2025-11-11,6770379.476805737,252463.9449121153,14,-0.0026054068930286833
2025-11-12,6903645.2553207595,252463.9449121153,14,0.01968364978234538
2025-11-13,6963750.493943121,252463.9449121153,14,0.008706304625956562
2025-11-14,6897404.905802038,1335694.8936521153,12,-0.0095272781813176
2025-11-17,6886878.945648963,1335694.8936521153,12,-0.0015260754293575651
2025-11-18,6777856.359077547,516737.21375550446,12,-0.01583047813557037
2025-11-19,6772874.6206584275,516737.21375550446,12,-0.0007350020648412281
2025-11-20,6812611.521077284,516737.21375550446,12,0.005867065706140817
2025-11-21,6619080.047917075,4923571.162421119,2,-0.028407824600220954
2025-11-24,6676448.890288397,4923571.162421119,2,0.008667192715001937
2025-11-25,6632064.347413242,257497.62085111998,9,-0.0066479267054252444
2025-11-26,6668484.4250419205,257497.62085111998,9,0.005491514515067131
2025-11-27,6726162.676622801,257497.62085111998,9,0.008649379364864984
2025-11-28,6682049.185091279,1958611.9750912795,7,-0.006558493104075747
2025-12-01,6762782.87509128,1958611.9750912795,7,0.012082175357243763
2025-12-02,6795166.14355128,211707.13355127978,10,0.004788453075918575
2025-12-03,6749290.51355128,211707.13355127978,10,-0.006751215353805073
2025-12-04,6835388.47355128,211707.13355127978,10,0.012756594167510071
2025-12-05,6898789.82342128,4396661.20342128,4,0.00927545670817742
2025-12-08,6863781.86342128,4396661.20342128,4,-0.005074507398551087
2025-12-09,6816159.853291281,287373.5032912805,7,-0.006938159032091051
2025-12-10,6877951.53329128,287373.5032912805,7,0.009065468141883803
2025-12-11,6839588.36329128,287373.5032912805,7,-0.005577702868988066
2025-12-12,6934919.32269128,2692257.3426912804,3,0.013938113572981914
2025-12-15,6973169.44269128,2692257.3426912804,3,0.0055155825497268385
2025-12-16,6900542.71689128,1307306.3168912807,4,-0.01041516722013991
2025-12-17,6895610.546891281,1307306.3168912807,4,-0.0007147510279047475
2025-12-18,6923285.366891281,1307306.3168912807,4,0.004013396611047826
2025-12-19,6907265.57960128,5488148.479601281,1,-0.0023138996070580786
2025-12-22,6893644.779601281,5488148.479601281,1,-0.0019719525538767213
2025-12-23,6884819.4273006385,545213.2604194152,6,-0.0012802157034196293
2025-12-24,6875281.147495627,545213.2604194152,6,-0.0013854074033065045
2025-12-29,6858654.15154392,545213.2604194152,6,-0.0024183732410366643
2025-12-30,7003596.371482191,1949888.0559194153,5,0.021132749477627888
2025-12-31,7005821.3245555395,1949888.0559194153,5,0.0003176872217263149
2026-01-02,7175594.882269046,90388.11806752009,10,0.02423321261683431
2026-01-05,7258118.652881219,90388.11806752009,10,0.011500617296008375
2026-01-06,7373474.514717738,90388.11806752009,10,0.015893355751456006
2026-01-07,7408704.061503393,4390197.20607752,6,0.00477787598171453
2026-01-08,7387540.539734697,4390197.20607752,6,-0.0028565754000978716
2026-01-09,7389297.390372089,59309.103177520214,13,0.00023781265604472246
2026-01-12,7573361.451528611,59309.103177520214,13,0.02490954842287829
2026-01-13,7611531.779827739,59309.103177520214,13,0.005040077453509539
2026-01-14,7601944.295530168,3135241.6155301686,7,-0.0012595998512388018
2026-01-15,7654574.865530169,3135241.6155301686,7,0.006923303822542692
2026-01-16,7674977.944870169,875151.2048701688,9,0.002665475182936472
2026-01-19,7696361.694870169,875151.2048701688,9,0.002786164358204113
2026-01-20,7731554.924870169,875151.2048701688,9,0.004572709988858392
2026-01-21,7787474.731900169,4803013.1519001685,3,0.007232672802998774
2026-01-22,7885702.561900169,4803013.1519001685,3,0.01261356644890621
2026-01-23,7823325.992493457,43259.803589441,13,-0.00791008396741777
2026-01-26,7894567.071778029,43259.803589441,13,0.009106239386282633
2026-01-27,8012756.800417716,43259.803589441,13,0.014971020901475063
2026-01-28,8207285.544171702,2104296.408629441,11,0.0242773802574221
2026-01-29,8278323.69542636,2104296.408629441,11,0.008655498931081418
2026-01-30,8097138.607334808,233649.2222294415,13,-0.02188668802497462
2026-02-02,7881241.421559138,233649.2222294415,13,-0.026663392618733184
2026-02-03,8035543.355213817,233649.2222294415,13,0.019578379268091695
2026-02-04,8205272.742848014,5118804.602848015,4,0.021122328650503785
2026-02-05,8239385.762848015,5118804.602848015,4,0.004157451076776786
2026-02-06,8226877.128328016,389312.0683280154,13,-0.001518151337979723
2026-02-09,8356574.498328016,389312.0683280154,13,0.015765079261170323
2026-02-10,8414896.978328016,389312.0683280154,13,0.006979232939485991
2026-02-11,8496692.764348015,2841916.7743480154,10,0.009720355012148074
2026-02-12,8475613.864348015,2841916.7743480154,10,-0.0024808358480898907
2026-02-13,8362517.739128016,433956.7891280155,14,-0.01334370902569415
2026-02-16,8410030.969128016,433956.7891280155,14,0.005681689591842343
2026-02-20,8454152.439128015,433956.7891280155,14,0.005246291025795546
2026-02-23,8593838.341978015,5517020.761978015,5,0.016522756580955145
2026-02-24,8607055.081978016,5517020.761978015,5,0.0015379321176476335
2026-02-25,8577054.977338016,1820709.1773380153,6,-0.0034855248809567696
2026-02-26,8607350.277338015,1820709.1773380153,6,0.0035321331249529297
2026-02-27,8713217.247338016,1820709.1773380153,6,0.012299600526161303
2026-03-02,8694600.776028015,4342983.356028016,2,-0.0021365783477610423
2026-03-03,8656493.396028016,4342983.356028016,2,-0.0043828786371727935
2026-03-04,8521695.636888016,62935.236888016574,3,-0.015571866455977523
2026-03-05,8638758.006888017,62935.236888016574,3,0.013736980876584148
2026-03-06,8690119.896888018,62935.236888016574,3,0.005945517857896654
2026-03-09,8578849.660608016,4342347.130608017,1,-0.012804223370939671
2026-03-10,8597295.970608016,4342347.130608017,1,0.0021502078634974
2026-03-11,8599262.021784017,888186.033784017,3,0.00022868250467600326
2026-03-12,8599033.649784017,888186.033784017,3,-2.6557162628670916e-05
2026-03-13,8581413.417784017,888186.033784017,3,-0.0020490944352151708
2026-03-16,8464903.219324019,4970981.611324018,2,-0.01357704060948084
2026-03-17,8511363.087324018,4970981.611324018,2,0.005488529141590037
2026-03-18,8489320.175524019,1561047.8075240185,4,-0.0025898215801447577
2026-03-19,8524771.063524019,1561047.8075240185,4,0.004175939564891262
2026-03-20,8546548.751524018,1561047.8075240185,4,0.002554636111365083
2026-03-23,8492114.012892019,5144444.812892019,2,-0.006369207058263382
2026-03-24,8631807.31289202,5144444.812892019,2,0.016449767370990243
2026-03-25,8578802.97311202,1078398.0131120188,5,-0.006140584220506673
2026-03-26,8923667.223112019,1078398.0131120188,5,0.04019957692009979
2026-03-27,8941144.44311202,1078398.0131120188,5,0.001958524400678563
2026-03-30,9208015.59891202,2832890.098912019,4,0.029847538813176033
2026-03-31,9166145.958912019,2832890.098912019,4,-0.004547086128410482
2026-04-01,9003561.43496202,250571.6649620193,8,-0.017737501091385388
2026-04-02,9166372.33496202,250571.6649620193,8,0.01808294430776969
2026-04-08,9171792.50496202,250571.6649620193,8,0.0005913102590571206
2026-04-09,9189180.361312019,6500071.301312019,4,0.001895796960146301
2026-04-10,9187676.871312018,6500071.301312019,4,-0.00016361524541730343
2026-04-13,9120749.10707202,608019.93707202,13,-0.007284514374790052
2026-04-14,9192955.27707202,608019.93707202,13,0.007916692933041203
2026-04-15,9381404.24707202,608019.93707202,13,0.0204992806252422
2026-04-16,9492092.51892202,3357203.6189220203,9,0.011798689080533498
2026-04-17,9428321.118922021,3357203.6189220203,9,-0.006718371093926145
