fm_thr,rsi_w_coef,trend_filter,ta_rsi_sell,return,sharpe,max_dd,buy_cnt,sell_cnt,composite
10.0,0.25,0.8,82,50.045251013825045,0.28957389948931256,-33.790189067850804,662,0,1.8158165230069239
10.0,0.25,0.8,78,50.045251013825045,0.28957389948931256,-33.790189067850804,662,0,1.8158165230069239
10.0,0.25,0.8,75,50.045251013825045,0.28957389948931256,-33.790189067850804,662,0,1.8158165230069239
10.0,0.25,0.8,72,50.045251013825045,0.28957389948931256,-33.790189067850804,662,0,1.8158165230069239
10.0,0.25,0.6,82,50.045251013825045,0.28957389948931256,-33.790189067850804,662,0,1.8158165230069239
10.0,0.25,0.6,78,50.045251013825045,0.28957389948931256,-33.790189067850804,662,0,1.8158165230069239
10.0,0.25,0.6,75,50.045251013825045,0.28957389948931256,-33.790189067850804,662,0,1.8158165230069239
10.0,0.25,0.6,72,50.045251013825045,0.28957389948931256,-33.790189067850804,662,0,1.8158165230069239
10.0,0.25,0.4,82,50.045251013825045,0.28957389948931256,-33.790189067850804,662,0,1.8158165230069239
10.0,0.25,0.4,78,50.045251013825045,0.28957389948931256,-33.790189067850804,662,0,1.8158165230069239
10.0,0.25,0.4,75,50.045251013825045,0.28957389948931256,-33.790189067850804,662,0,1.8158165230069239
10.0,0.25,0.4,72,50.045251013825045,0.28957389948931256,-33.790189067850804,662,0,1.8158165230069239
10.0,0.2,1.0,82,50.045251013825045,0.28957389948931256,-33.790189067850804,662,0,1.8158165230069239
10.0,0.2,1.0,78,50.045251013825045,0.28957389948931256,-33.790189067850804,662,0,1.8158165230069239
10.0,0.2,1.0,75,50.045251013825045,0.28957389948931256,-33.790189067850804,662,0,1.8158165230069239
10.0,0.2,1.0,72,50.045251013825045,0.28957389948931256,-33.790189067850804,662,0,1.8158165230069239
10.0,0.2,0.8,82,50.045251013825045,0.28957389948931256,-33.790189067850804,662,0,1.8158165230069239
10.0,0.2,0.8,78,50.045251013825045,0.28957389948931256,-33.790189067850804,662,0,1.8158165230069239
10.0,0.2,0.8,75,50.045251013825045,0.28957389948931256,-33.790189067850804,662,0,1.8158165230069239
10.0,0.2,0.8,72,50.045251013825045,0.28957389948931256,-33.790189067850804,662,0,1.8158165230069239
10.0,0.2,0.6,82,50.045251013825045,0.28957389948931256,-33.790189067850804,662,0,1.8158165230069239
10.0,0.2,0.6,78,50.045251013825045,0.28957389948931256,-33.790189067850804,662,0,1.8158165230069239
10.0,0.2,0.6,75,50.045251013825045,0.28957389948931256,-33.790189067850804,662,0,1.8158165230069239
10.0,0.2,0.6,72,50.045251013825045,0.28957389948931256,-33.790189067850804,662,0,1.8158165230069239
10.0,0.2,0.4,82,50.045251013825045,0.28957389948931256,-33.790189067850804,662,0,1.8158165230069239
10.0,0.2,0.4,78,50.045251013825045,0.28957389948931256,-33.790189067850804,662,0,1.8158165230069239
10.0,0.2,0.4,75,50.045251013825045,0.28957389948931256,-33.790189067850804,662,0,1.8158165230069239
10.0,0.2,0.4,72,50.045251013825045,0.28957389948931256,-33.790189067850804,662,0,1.8158165230069239
10.0,0.15,1.0,82,50.045251013825045,0.28957389948931256,-33.790189067850804,662,0,1.8158165230069239
10.0,0.15,1.0,78,50.045251013825045,0.28957389948931256,-33.790189067850804,662,0,1.8158165230069239
10.0,0.15,1.0,75,50.045251013825045,0.28957389948931256,-33.790189067850804,662,0,1.8158165230069239
10.0,0.15,1.0,72,50.045251013825045,0.28957389948931256,-33.790189067850804,662,0,1.8158165230069239
10.0,0.15,0.8,82,50.045251013825045,0.28957389948931256,-33.790189067850804,662,0,1.8158165230069239
10.0,0.15,0.8,78,50.045251013825045,0.28957389948931256,-33.790189067850804,662,0,1.8158165230069239
10.0,0.15,0.8,75,50.045251013825045,0.28957389948931256,-33.790189067850804,662,0,1.8158165230069239
10.0,0.15,0.8,72,50.045251013825045,0.28957389948931256,-33.790189067850804,662,0,1.8158165230069239
10.0,0.15,0.6,82,50.045251013825045,0.28957389948931256,-33.790189067850804,662,0,1.8158165230069239
10.0,0.15,0.6,78,50.045251013825045,0.28957389948931256,-33.790189067850804,662,0,1.8158165230069239
10.0,0.15,0.6,75,50.045251013825045,0.28957389948931256,-33.790189067850804,662,0,1.8158165230069239
10.0,0.15,0.6,72,50.045251013825045,0.28957389948931256,-33.790189067850804,662,0,1.8158165230069239
10.0,0.15,0.4,82,50.045251013825045,0.28957389948931256,-33.790189067850804,662,0,1.8158165230069239
10.0,0.15,0.4,78,50.045251013825045,0.28957389948931256,-33.790189067850804,662,0,1.8158165230069239
10.0,0.15,0.4,75,50.045251013825045,0.28957389948931256,-33.790189067850804,662,0,1.8158165230069239
10.0,0.15,0.4,72,50.045251013825045,0.28957389948931256,-33.790189067850804,662,0,1.8158165230069239
10.0,0.1,1.0,82,50.045251013825045,0.28957389948931256,-33.790189067850804,662,0,1.8158165230069239
10.0,0.1,1.0,78,50.045251013825045,0.28957389948931256,-33.790189067850804,662,0,1.8158165230069239
10.0,0.1,1.0,75,50.045251013825045,0.28957389948931256,-33.790189067850804,662,0,1.8158165230069239
10.0,0.1,1.0,72,50.045251013825045,0.28957389948931256,-33.790189067850804,662,0,1.8158165230069239
10.0,0.1,0.8,82,50.045251013825045,0.28957389948931256,-33.790189067850804,662,0,1.8158165230069239
10.0,0.1,0.8,78,50.045251013825045,0.28957389948931256,-33.790189067850804,662,0,1.8158165230069239
10.0,0.1,0.8,75,50.045251013825045,0.28957389948931256,-33.790189067850804,662,0,1.8158165230069239
10.0,0.1,0.8,72,50.045251013825045,0.28957389948931256,-33.790189067850804,662,0,1.8158165230069239
10.0,0.1,0.6,82,50.045251013825045,0.28957389948931256,-33.790189067850804,662,0,1.8158165230069239
10.0,0.1,0.6,78,50.045251013825045,0.28957389948931256,-33.790189067850804,662,0,1.8158165230069239
10.0,0.1,0.6,75,50.045251013825045,0.28957389948931256,-33.790189067850804,662,0,1.8158165230069239
10.0,0.1,0.6,72,50.045251013825045,0.28957389948931256,-33.790189067850804,662,0,1.8158165230069239
10.0,0.1,0.4,82,50.045251013825045,0.28957389948931256,-33.790189067850804,662,0,1.8158165230069239
10.0,0.1,0.4,78,50.045251013825045,0.28957389948931256,-33.790189067850804,662,0,1.8158165230069239
10.0,0.1,0.4,75,50.045251013825045,0.28957389948931256,-33.790189067850804,662,0,1.8158165230069239
10.0,0.1,0.4,72,50.045251013825045,0.28957389948931256,-33.790189067850804,662,0,1.8158165230069239
7.0,0.15,1.0,82,50.045251013825045,0.28957389948931256,-33.790189067850804,662,0,1.8158165230069239
7.0,0.15,1.0,78,50.045251013825045,0.28957389948931256,-33.790189067850804,662,0,1.8158165230069239
7.0,0.15,1.0,75,50.045251013825045,0.28957389948931256,-33.790189067850804,662,0,1.8158165230069239
7.0,0.15,1.0,72,50.045251013825045,0.28957389948931256,-33.790189067850804,662,0,1.8158165230069239
7.0,0.15,0.8,82,50.045251013825045,0.28957389948931256,-33.790189067850804,662,0,1.8158165230069239
7.0,0.15,0.8,78,50.045251013825045,0.28957389948931256,-33.790189067850804,662,0,1.8158165230069239
7.0,0.15,0.8,75,50.045251013825045,0.28957389948931256,-33.790189067850804,662,0,1.8158165230069239
7.0,0.15,0.8,72,50.045251013825045,0.28957389948931256,-33.790189067850804,662,0,1.8158165230069239
7.0,0.15,0.6,82,50.045251013825045,0.28957389948931256,-33.790189067850804,662,0,1.8158165230069239
7.0,0.15,0.6,78,50.045251013825045,0.28957389948931256,-33.790189067850804,662,0,1.8158165230069239
7.0,0.15,0.6,75,50.045251013825045,0.28957389948931256,-33.790189067850804,662,0,1.8158165230069239
7.0,0.15,0.6,72,50.045251013825045,0.28957389948931256,-33.790189067850804,662,0,1.8158165230069239
7.0,0.15,0.4,82,50.045251013825045,0.28957389948931256,-33.790189067850804,662,0,1.8158165230069239
7.0,0.15,0.4,78,50.045251013825045,0.28957389948931256,-33.790189067850804,662,0,1.8158165230069239
7.0,0.15,0.4,75,50.045251013825045,0.28957389948931256,-33.790189067850804,662,0,1.8158165230069239
7.0,0.15,0.4,72,50.045251013825045,0.28957389948931256,-33.790189067850804,662,0,1.8158165230069239
5.0,0.1,1.0,82,50.045251013825045,0.28957389948931256,-33.790189067850804,662,0,1.8158165230069239
5.0,0.1,1.0,78,50.045251013825045,0.28957389948931256,-33.790189067850804,662,0,1.8158165230069239
5.0,0.1,1.0,75,50.045251013825045,0.28957389948931256,-33.790189067850804,662,0,1.8158165230069239
5.0,0.1,1.0,72,50.045251013825045,0.28957389948931256,-33.790189067850804,662,0,1.8158165230069239
5.0,0.1,0.8,82,50.045251013825045,0.28957389948931256,-33.790189067850804,662,0,1.8158165230069239
5.0,0.1,0.8,78,50.045251013825045,0.28957389948931256,-33.790189067850804,662,0,1.8158165230069239
5.0,0.1,0.8,75,50.045251013825045,0.28957389948931256,-33.790189067850804,662,0,1.8158165230069239
5.0,0.1,0.8,72,50.045251013825045,0.28957389948931256,-33.790189067850804,662,0,1.8158165230069239
5.0,0.1,0.6,82,50.045251013825045,0.28957389948931256,-33.790189067850804,662,0,1.8158165230069239
5.0,0.1,0.6,78,50.045251013825045,0.28957389948931256,-33.790189067850804,662,0,1.8158165230069239
5.0,0.1,0.6,75,50.045251013825045,0.28957389948931256,-33.790189067850804,662,0,1.8158165230069239
5.0,0.1,0.6,72,50.045251013825045,0.28957389948931256,-33.790189067850804,662,0,1.8158165230069239
5.0,0.1,0.4,82,50.045251013825045,0.28957389948931256,-33.790189067850804,662,0,1.8158165230069239
5.0,0.1,0.4,78,50.045251013825045,0.28957389948931256,-33.790189067850804,662,0,1.8158165230069239
5.0,0.1,0.4,75,50.045251013825045,0.28957389948931256,-33.790189067850804,662,0,1.8158165230069239
5.0,0.1,0.4,72,50.045251013825045,0.28957389948931256,-33.790189067850804,662,0,1.8158165230069239
7.0,0.1,1.0,82,50.045251013825045,0.28957389948931256,-33.790189067850804,662,0,1.8158165230069239
7.0,0.1,1.0,78,50.045251013825045,0.28957389948931256,-33.790189067850804,662,0,1.8158165230069239
7.0,0.1,1.0,75,50.045251013825045,0.28957389948931256,-33.790189067850804,662,0,1.8158165230069239
7.0,0.1,1.0,72,50.045251013825045,0.28957389948931256,-33.790189067850804,662,0,1.8158165230069239
7.0,0.1,0.8,82,50.045251013825045,0.28957389948931256,-33.790189067850804,662,0,1.8158165230069239
7.0,0.1,0.8,78,50.045251013825045,0.28957389948931256,-33.790189067850804,662,0,1.8158165230069239
7.0,0.1,0.8,75,50.045251013825045,0.28957389948931256,-33.790189067850804,662,0,1.8158165230069239
7.0,0.1,0.8,72,50.045251013825045,0.28957389948931256,-33.790189067850804,662,0,1.8158165230069239
7.0,0.1,0.6,82,50.045251013825045,0.28957389948931256,-33.790189067850804,662,0,1.8158165230069239
7.0,0.1,0.6,78,50.045251013825045,0.28957389948931256,-33.790189067850804,662,0,1.8158165230069239
7.0,0.1,0.6,75,50.045251013825045,0.28957389948931256,-33.790189067850804,662,0,1.8158165230069239
7.0,0.1,0.6,72,50.045251013825045,0.28957389948931256,-33.790189067850804,662,0,1.8158165230069239
7.0,0.1,0.4,82,50.045251013825045,0.28957389948931256,-33.790189067850804,662,0,1.8158165230069239
7.0,0.1,0.4,78,50.045251013825045,0.28957389948931256,-33.790189067850804,662,0,1.8158165230069239
7.0,0.1,0.4,75,50.045251013825045,0.28957389948931256,-33.790189067850804,662,0,1.8158165230069239
7.0,0.1,0.4,72,50.045251013825045,0.28957389948931256,-33.790189067850804,662,0,1.8158165230069239
7.0,0.2,0.4,82,47.228920778409524,0.2800084176251948,-33.79006526469199,662,3,1.7275007946082876
7.0,0.2,0.4,78,47.228920778409524,0.2800084176251948,-33.79006526469199,662,3,1.7275007946082876
7.0,0.2,0.4,75,47.228920778409524,0.2800084176251948,-33.79006526469199,662,3,1.7275007946082876
7.0,0.2,0.4,72,47.228920778409524,0.2800084176251948,-33.79006526469199,662,3,1.7275007946082876
7.0,0.2,0.6,72,47.228920778409524,0.2800084176251948,-33.79006526469199,662,3,1.7275007946082876
7.0,0.2,0.6,75,47.228920778409524,0.2800084176251948,-33.79006526469199,662,3,1.7275007946082876
7.0,0.2,0.6,78,47.228920778409524,0.2800084176251948,-33.79006526469199,662,3,1.7275007946082876
7.0,0.2,0.6,82,47.228920778409524,0.2800084176251948,-33.79006526469199,662,3,1.7275007946082876
10.0,0.3,0.4,72,45.22423972528411,0.27306106282044273,-33.78981469378718,662,4,1.6645821728053387
10.0,0.3,0.4,75,45.22423972528411,0.27306106282044273,-33.78981469378718,662,4,1.6645821728053387
10.0,0.3,0.4,78,45.22423972528411,0.27306106282044273,-33.78981469378718,662,4,1.6645821728053387
10.0,0.3,0.4,82,45.22423972528411,0.27306106282044273,-33.78981469378718,662,4,1.6645821728053387
3.0,0.1,0.6,72,45.22423972528411,0.27306106282044273,-33.78981469378718,662,4,1.6645821728053387
3.0,0.1,0.6,75,45.22423972528411,0.27306106282044273,-33.78981469378718,662,4,1.6645821728053387
3.0,0.1,0.6,78,45.22423972528411,0.27306106282044273,-33.78981469378718,662,4,1.6645821728053387
3.0,0.1,0.6,82,45.22423972528411,0.27306106282044273,-33.78981469378718,662,4,1.6645821728053387
3.0,0.1,0.4,72,45.22423972528411,0.27306106282044273,-33.78981469378718,662,4,1.6645821728053387
3.0,0.1,0.4,75,45.22423972528411,0.27306106282044273,-33.78981469378718,662,4,1.6645821728053387
3.0,0.1,0.4,78,45.22423972528411,0.27306106282044273,-33.78981469378718,662,4,1.6645821728053387
3.0,0.1,0.4,82,45.22423972528411,0.27306106282044273,-33.78981469378718,662,4,1.6645821728053387
5.0,0.15,0.4,72,45.22423972528411,0.27306106282044273,-33.78981469378718,662,4,1.6645821728053387
5.0,0.15,0.4,75,45.22423972528411,0.27306106282044273,-33.78981469378718,662,4,1.6645821728053387
5.0,0.15,0.4,78,45.22423972528411,0.27306106282044273,-33.78981469378718,662,4,1.6645821728053387
5.0,0.15,0.4,82,45.22423972528411,0.27306106282044273,-33.78981469378718,662,4,1.6645821728053387
7.0,0.25,0.4,72,45.22423972528411,0.27306106282044273,-33.78981469378718,662,8,1.6645821728053387
7.0,0.25,0.4,75,45.22423972528411,0.27306106282044273,-33.78981469378718,662,8,1.6645821728053387
7.0,0.25,0.4,78,45.22423972528411,0.27306106282044273,-33.78981469378718,662,8,1.6645821728053387
7.0,0.25,0.4,82,45.22423972528411,0.27306106282044273,-33.78981469378718,662,8,1.6645821728053387
5.0,0.2,0.4,72,45.22423972528411,0.27306106282044273,-33.78981469378718,662,10,1.6645821728053387
5.0,0.2,0.4,75,45.22423972528411,0.27306106282044273,-33.78981469378718,662,10,1.6645821728053387
5.0,0.2,0.4,78,45.22423972528411,0.27306106282044273,-33.78981469378718,662,10,1.6645821728053387
5.0,0.2,0.4,82,45.22423972528411,0.27306106282044273,-33.78981469378718,662,10,1.6645821728053387
7.0,0.25,0.6,72,45.22423972528411,0.27306106282044273,-33.78981469378718,662,8,1.6645821728053387
7.0,0.25,0.6,75,45.22423972528411,0.27306106282044273,-33.78981469378718,662,8,1.6645821728053387
7.0,0.25,0.6,78,45.22423972528411,0.27306106282044273,-33.78981469378718,662,8,1.6645821728053387
7.0,0.25,0.6,82,45.22423972528411,0.27306106282044273,-33.78981469378718,662,8,1.6645821728053387
5.0,0.15,0.6,82,45.22423972528411,0.27306106282044273,-33.78981469378718,662,4,1.6645821728053387
5.0,0.15,0.6,78,45.22423972528411,0.27306106282044273,-33.78981469378718,662,4,1.6645821728053387
5.0,0.15,0.6,75,45.22423972528411,0.27306106282044273,-33.78981469378718,662,4,1.6645821728053387
5.0,0.15,0.6,72,45.22423972528411,0.27306106282044273,-33.78981469378718,662,4,1.6645821728053387
10.0,0.3,0.6,82,45.22423972528411,0.27306106282044273,-33.78981469378718,662,4,1.6645821728053387
10.0,0.3,0.6,78,45.22423972528411,0.27306106282044273,-33.78981469378718,662,4,1.6645821728053387
10.0,0.3,0.6,75,45.22423972528411,0.27306106282044273,-33.78981469378718,662,4,1.6645821728053387
10.0,0.3,0.6,72,45.22423972528411,0.27306106282044273,-33.78981469378718,662,4,1.6645821728053387
7.0,0.2,0.8,72,42.45487394184917,0.2633615516327936,-35.852957681420804,667,3,1.57143196586433
7.0,0.2,0.8,75,42.45487394184917,0.2633615516327936,-35.852957681420804,667,3,1.57143196586433
7.0,0.2,0.8,78,42.45487394184917,0.2633615516327936,-35.852957681420804,667,3,1.57143196586433
7.0,0.2,0.8,82,42.45487394184917,0.2633615516327936,-35.852957681420804,667,3,1.57143196586433
7.0,0.3,0.4,75,31.718368535933084,0.22363384981232431,-35.43139076534927,663,16,1.2347104237068744
7.0,0.3,0.4,78,31.718368535933084,0.22363384981232431,-35.43139076534927,663,14,1.2347104237068744
7.0,0.3,0.4,72,30.975109090974406,0.22125050969051208,-35.43147496267514,663,17,1.2114590517174115
5.0,0.25,0.4,82,25.52880458915363,0.20238312514592613,-35.43114779699897,664,29,1.0405239443419825
3.0,0.15,0.4,82,25.52880458915363,0.20238312514592613,-35.43114779699897,664,29,1.0405239443419825
7.0,0.3,0.4,82,13.057892640455936,0.14508992851790647,-37.391576246135145,663,11,0.6375980218824353
3.0,0.15,0.4,72,11.081516948646186,0.13408817412951007,-35.59050542813818,664,76,0.5793092618267751
5.0,0.25,0.4,72,11.081516948646186,0.13408817412951007,-35.59050542813818,664,76,0.5793092618267751
5.0,0.25,0.4,78,1.3556134285832133,0.08341167500936147,-38.34700075077801,664,41,0.25899207060890694
3.0,0.15,0.4,78,1.3556134285832133,0.08341167500936147,-38.34700075077801,664,41,0.25899207060890694
10.0,0.25,1.0,72,-15.543481653350533,-0.021228711307447967,-44.82229606956897,687,0,-0.30926282233220215
10.0,0.25,1.0,75,-15.543481653350533,-0.021228711307447967,-44.82229606956897,687,0,-0.30926282233220215
10.0,0.25,1.0,82,-15.543481653350533,-0.021228711307447967,-44.82229606956897,687,0,-0.30926282233220215
10.0,0.25,1.0,78,-15.543481653350533,-0.021228711307447967,-44.82229606956897,687,0,-0.30926282233220215
10.0,0.3,0.8,82,-17.290965002995982,-0.033257821663947494,-44.82235851986995,687,4,-0.3664991543150683
5.0,0.2,0.6,82,-17.290965002995982,-0.033257821663947494,-44.82235851986995,687,10,-0.3664991543150683
5.0,0.2,0.6,72,-17.290965002995982,-0.033257821663947494,-44.82235851986995,687,10,-0.3664991543150683
10.0,0.3,0.8,78,-17.290965002995982,-0.033257821663947494,-44.82235851986995,687,4,-0.3664991543150683
10.0,0.3,0.8,75,-17.290965002995982,-0.033257821663947494,-44.82235851986995,687,4,-0.3664991543150683
10.0,0.3,0.8,72,-17.290965002995982,-0.033257821663947494,-44.82235851986995,687,4,-0.3664991543150683
5.0,0.15,0.8,72,-17.290965002995982,-0.033257821663947494,-44.82235851986995,687,4,-0.3664991543150683
5.0,0.15,0.8,82,-17.290965002995982,-0.033257821663947494,-44.82235851986995,687,4,-0.3664991543150683
5.0,0.15,0.8,75,-17.290965002995982,-0.033257821663947494,-44.82235851986995,687,4,-0.3664991543150683
5.0,0.15,0.8,78,-17.290965002995982,-0.033257821663947494,-44.82235851986995,687,4,-0.3664991543150683
5.0,0.2,0.6,78,-17.290965002995982,-0.033257821663947494,-44.82235851986995,687,10,-0.3664991543150683
5.0,0.2,0.6,75,-17.290965002995982,-0.033257821663947494,-44.82235851986995,687,10,-0.3664991543150683
3.0,0.15,0.4,75,-20.343289783087613,-0.05926311195521448,-39.855985271035,664,55,-0.4535718940878193
5.0,0.25,0.4,75,-20.343289783087613,-0.05926311195521448,-39.855985271035,664,55,-0.4535718940878193
5.0,0.3,0.4,72,-53.55852580512103,-0.4190862380425929,-66.42408786598155,699,122,-1.6736625329686128
5.0,0.3,0.4,78,-58.1319173446331,-0.49085596923050573,-68.66347638337166,699,66,-1.8462903371813104
5.0,0.3,0.4,82,-58.77230220751626,-0.49970006937207867,-68.73741620102793,699,43,-1.869261342577403
5.0,0.3,0.4,75,-63.14935977815337,-0.5983720153423518,-71.68389404973607,699,93,-2.04888128163075
7.0,0.3,0.6,72,-64.37905773548412,-0.5942706387951452,-73.42120322778912,713,17,-2.089343597265949
7.0,0.3,0.6,75,-64.37905773548412,-0.5942706387951452,-73.42120322778912,713,16,-2.089343597265949
7.0,0.3,0.6,78,-64.37905773548412,-0.5942706387951452,-73.42120322778912,713,14,-2.089343597265949
7.0,0.3,0.6,82,-64.37905773548412,-0.5942706387951452,-73.42120322778912,713,11,-2.089343597265949
3.0,0.1,0.8,82,-66.3188103023749,-0.630812631940367,-74.0737963564136,727,4,-2.1641107509166346
3.0,0.1,0.8,78,-66.3188103023749,-0.630812631940367,-74.0737963564136,727,4,-2.1641107509166346
3.0,0.1,0.8,75,-66.3188103023749,-0.630812631940367,-74.0737963564136,727,4,-2.1641107509166346
3.0,0.1,0.8,72,-66.3188103023749,-0.630812631940367,-74.0737963564136,727,4,-2.1641107509166346
7.0,0.2,1.0,72,-68.03475562394293,-0.6544231898009101,-75.39463011765402,747,3,-2.228995834991614
7.0,0.2,1.0,75,-68.03475562394293,-0.6544231898009101,-75.39463011765402,747,3,-2.228995834991614
7.0,0.2,1.0,78,-68.03475562394293,-0.6544231898009101,-75.39463011765402,747,3,-2.228995834991614
7.0,0.2,1.0,82,-68.03475562394293,-0.6544231898009101,-75.39463011765402,747,3,-2.228995834991614
7.0,0.25,0.8,82,-68.1176459547307,-0.6560313283448583,-75.45843330912699,747,8,-2.232317209907245
7.0,0.25,0.8,78,-68.1176459547307,-0.6560313283448583,-75.45843330912699,747,8,-2.232317209907245
7.0,0.25,0.8,75,-68.1176459547307,-0.6560313283448583,-75.45843330912699,747,8,-2.232317209907245
7.0,0.25,0.8,72,-68.1176459547307,-0.6560313283448583,-75.45843330912699,747,8,-2.232317209907245
10.0,0.3,1.0,82,-71.3129044655119,-0.6959903450594846,-77.25088719289545,772,4,-2.3495359335678376
10.0,0.3,1.0,78,-71.3129044655119,-0.6959903450594846,-77.25088719289545,772,4,-2.3495359335678376
10.0,0.3,1.0,75,-71.3129044655119,-0.6959903450594846,-77.25088719289545,772,4,-2.3495359335678376
10.0,0.3,1.0,72,-71.3129044655119,-0.6959903450594846,-77.25088719289545,772,4,-2.3495359335678376
5.0,0.15,1.0,82,-71.3129044655119,-0.6959903450594846,-77.25088719289545,772,4,-2.3495359335678376
5.0,0.15,1.0,78,-71.3129044655119,-0.6959903450594846,-77.25088719289545,772,4,-2.3495359335678376
5.0,0.15,1.0,75,-71.3129044655119,-0.6959903450594846,-77.25088719289545,772,4,-2.3495359335678376
5.0,0.15,1.0,72,-71.3129044655119,-0.6959903450594846,-77.25088719289545,772,4,-2.3495359335678376
3.0,0.15,0.6,72,-73.3260181404456,-0.7339386964229296,-78.84783228811875,774,76,-2.429899519646896
5.0,0.25,0.6,72,-73.3260181404456,-0.7339386964229296,-78.84783228811875,774,76,-2.429899519646896
5.0,0.25,0.6,82,-73.67183693596336,-0.7410896916036483,-79.12189655782294,774,29,-2.443956674393829
5.0,0.25,0.6,75,-73.67183693596336,-0.7410896916036483,-79.12189655782294,774,55,-2.443956674393829
5.0,0.25,0.6,78,-73.67183693596336,-0.7410896916036483,-79.12189655782294,774,41,-2.443956674393829
3.0,0.15,0.6,75,-73.67183693596336,-0.7410896916036483,-79.12189655782294,774,55,-2.443956674393829
3.0,0.15,0.6,78,-73.67183693596336,-0.7410896916036483,-79.12189655782294,774,41,-2.443956674393829
3.0,0.15,0.6,82,-73.67183693596336,-0.7410896916036483,-79.12189655782294,774,29,-2.443956674393829
3.0,0.2,0.4,78,-75.33501146454495,-0.8085063217083326,-80.24350150170771,746,75,-2.524183377124805
3.0,0.2,0.4,72,-75.65264491722515,-0.8190110174592186,-79.97822506436574,746,146,-2.537118429693539
3.0,0.2,0.4,75,-75.97546681218662,-0.8265541035498367,-80.24378979421024,746,104,-2.550617015168164
3.0,0.2,0.4,82,-76.0701542484189,-0.8260722214204642,-80.58048913040466,746,51,-2.554274983411967
5.0,0.2,0.8,82,-77.88512553621499,-0.8247893652534851,-82.95848797600628,832,10,-2.6153449761158627
5.0,0.2,0.8,78,-77.88512553621499,-0.8247893652534851,-82.95848797600628,832,10,-2.6153449761158627
5.0,0.2,0.8,75,-77.88512553621499,-0.8247893652534851,-82.95848797600628,832,10,-2.6153449761158627
5.0,0.2,0.8,72,-77.88512553621499,-0.8247893652534851,-82.95848797600628,832,10,-2.6153449761158627
3.0,0.1,1.0,82,-83.63637729471459,-1.0071157777364876,-87.39027987338808,886,4,-2.874108469556197
3.0,0.1,1.0,78,-83.63637729471459,-1.0071157777364876,-87.39027987338808,886,4,-2.874108469556197
3.0,0.1,1.0,75,-83.63637729471459,-1.0071157777364876,-87.39027987338808,886,4,-2.874108469556197
3.0,0.1,1.0,72,-83.63637729471459,-1.0071157777364876,-87.39027987338808,886,4,-2.874108469556197
7.0,0.3,0.8,82,-86.0698997871507,-1.0875021884838278,-89.23110544561482,907,11,-2.9847911853448963
7.0,0.3,0.8,78,-86.0698997871507,-1.0875021884838278,-89.23110544561482,907,14,-2.9847911853448963
7.0,0.3,0.8,75,-86.0698997871507,-1.0875021884838278,-89.23110544561482,907,16,-2.9847911853448963
7.0,0.3,0.8,72,-86.0698997871507,-1.0875021884838278,-89.23110544561482,907,17,-2.9847911853448963
7.0,0.25,1.0,82,-90.37703809522944,-1.27244006190624,-92.65186153222092,961,8,-3.198242752216042
7.0,0.25,1.0,78,-90.37703809522944,-1.27244006190624,-92.65186153222092,961,8,-3.198242752216042
7.0,0.25,1.0,75,-90.37703809522944,-1.27244006190624,-92.65186153222092,961,8,-3.198242752216042
7.0,0.25,1.0,72,-90.37703809522944,-1.27244006190624,-92.65186153222092,961,8,-3.198242752216042
3.0,0.25,0.4,78,-90.75081146085007,-1.298514899175278,-92.89725541435412,931,95,-3.220622069738676
3.0,0.25,0.4,82,-90.90667903562856,-1.306807467372251,-92.92523451364268,931,70,-3.228699061558685
3.0,0.25,0.4,75,-90.99067106364225,-1.3157309303974294,-92.89721242490361,931,130,-3.23470414134295
3.0,0.25,0.4,72,-91.04677628617239,-1.320975708639683,-92.82671251504667,931,175,-3.238273709586185
5.0,0.3,0.6,78,-92.2948932207626,-1.3792520366929717,-94.19261523884474,973,66,-3.3031254570166007
5.0,0.2,1.0,78,-92.58816671309236,-1.3572275847962403,-94.34006345921411,1045,10,-3.3035562256889093
5.0,0.2,1.0,82,-92.58816671309236,-1.3572275847962403,-94.34006345921411,1045,10,-3.3035562256889093
5.0,0.2,1.0,75,-92.58816671309236,-1.3572275847962403,-94.34006345921411,1045,10,-3.3035562256889093
5.0,0.2,1.0,72,-92.58816671309236,-1.3572275847962403,-94.34006345921411,1045,10,-3.3035562256889093
5.0,0.3,0.6,82,-92.42448165581246,-1.3873675982197802,-94.21522890890087,973,43,-3.3103271756889887
5.0,0.3,0.6,72,-92.4209588332372,-1.3914874913589217,-94.13531533057922,973,122,-3.311629707532422
5.0,0.3,0.6,75,-92.49518672412754,-1.3963224613891454,-94.19276279131232,973,93,-3.315962874653421
3.0,0.15,0.8,72,-92.90827744908438,-1.3786765202781024,-94.58466810524659,1047,76,-3.322472935899512
5.0,0.25,0.8,72,-92.90827744908438,-1.3786765202781024,-94.58466810524659,1047,76,-3.322472935899512
5.0,0.25,0.8,78,-93.00927905283596,-1.385322962852072,-94.66178622022285,1047,41,-3.3283929153865763
5.0,0.25,0.8,82,-93.00927905283596,-1.385322962852072,-94.66178622022285,1047,29,-3.3283929153865763
5.0,0.25,0.8,75,-93.00927905283596,-1.385322962852072,-94.66178622022285,1047,55,-3.3283929153865763
3.0,0.15,0.8,75,-93.00927905283596,-1.385322962852072,-94.66178622022285,1047,55,-3.3283929153865763
3.0,0.15,0.8,78,-93.00927905283596,-1.385322962852072,-94.66178622022285,1047,41,-3.3283929153865763
3.0,0.15,0.8,82,-93.00927905283596,-1.385322962852072,-94.66178622022285,1047,29,-3.3283929153865763
7.0,0.3,1.0,82,-94.58554317644389,-1.4725468143812868,-95.86545385596541,1123,11,-3.4141813826137275
7.0,0.3,1.0,78,-94.58554317644389,-1.4725468143812868,-95.86545385596541,1123,14,-3.4141813826137275
7.0,0.3,1.0,75,-94.58554317644389,-1.4725468143812868,-95.86545385596541,1123,16,-3.4141813826137275
7.0,0.3,1.0,72,-94.58554317644389,-1.4725468143812868,-95.86545385596541,1123,17,-3.4141813826137275
3.0,0.2,0.6,78,-94.50885479175888,-1.5013589802465128,-95.82143578680487,1064,75,-3.4232735432117862
3.0,0.2,0.6,72,-94.57432458837508,-1.5113463721628737,-95.76120892219416,1064,146,-3.429051913282984
3.0,0.2,0.6,82,-94.60198708425672,-1.5091413935860718,-95.83834279709293,1064,51,-3.429231198353409
3.0,0.2,0.6,75,-94.65125562579738,-1.5177913256752587,-95.8212615319412,1064,104,-3.434117983639848
3.0,0.15,1.0,72,-96.41268091223967,-1.6140063231521142,-97.26061475334254,1268,76,-3.5297648008880635
5.0,0.25,1.0,72,-96.41268091223967,-1.6140063231521142,-97.26061475334254,1268,76,-3.5297648008880635
5.0,0.25,1.0,78,-96.4593577683289,-1.6196292449685872,-97.29613166849505,1268,41,-3.533520826042787
5.0,0.25,1.0,82,-96.4593577683289,-1.6196292449685872,-97.29613166849505,1268,29,-3.533520826042787
5.0,0.25,1.0,75,-96.4593577683289,-1.6196292449685872,-97.29613166849505,1268,55,-3.533520826042787
3.0,0.15,1.0,78,-96.4593577683289,-1.6196292449685872,-97.29613166849505,1268,41,-3.533520826042787
3.0,0.15,1.0,82,-96.4593577683289,-1.6196292449685872,-97.29613166849505,1268,29,-3.533520826042787
3.0,0.15,1.0,75,-96.4593577683289,-1.6196292449685872,-97.29613166849505,1268,55,-3.533520826042787
5.0,0.3,0.8,78,-96.85408012504216,-1.6911127783278592,-97.62874086854228,1253,66,-3.574953737688035
5.0,0.3,0.8,72,-96.87850406357403,-1.69885444118748,-97.58444630778428,1253,122,-3.578650237305565
3.0,0.3,0.4,72,-96.59316891733701,-1.7294655426495606,-97.32740657902144,1106,204,-3.581563504316999
3.0,0.3,0.4,78,-96.62809884057465,-1.7262105519848352,-97.4339441945941,1106,119,-3.5816290185949557
5.0,0.3,0.8,75,-96.9350131858933,-1.7066602551731407,-97.62826655369018,1253,93,-3.5835992973071256
3.0,0.3,0.4,82,-96.65680827087274,-1.7292837700780808,-97.42248486653921,1106,92,-3.5836852107570323
3.0,0.3,0.4,75,-96.63504965466096,-1.7318154558306325,-97.37107355158358,1106,156,-3.5838908926268327
5.0,0.3,0.8,82,-97.10238050147827,-1.7471231766586313,-97.78718080888419,1253,43,-3.605282228134453
3.0,0.2,0.8,78,-97.8660566532269,-1.8064768502950859,-98.3811541006872,1349,75,-3.653715902016903
3.0,0.2,0.8,72,-97.89060834970898,-1.815576405181046,-98.35706469317302,1349,146,-3.658020006643207
3.0,0.2,0.8,75,-97.92131321449394,-1.8215058654454233,-98.38107160516579,1349,104,-3.6613849574284845
5.0,0.3,1.0,78,-98.22060879260552,-1.8528512596453772,-98.66288483051103,1458,66,-3.683747422127849
5.0,0.3,1.0,72,-98.24166274557521,-1.8618964956186437,-98.6434029009608,1458,122,-3.6879386893175963
3.0,0.25,0.6,72,-97.99762031001936,-1.88756231724571,-98.41014835396454,1311,175,-3.6901839812607586
5.0,0.3,1.0,75,-98.26641881130996,-1.8675785712704787,-98.66244758039355,1458,93,-3.6910113355886707
3.0,0.25,0.6,78,-98.02763434033415,-1.8920963405666278,-98.49888188792124,1311,95,-3.693164212100439
3.0,0.2,0.8,82,-98.12742836343689,-1.8855443881263243,-98.56064931940644,1349,51,-3.6937225541118557
3.0,0.25,0.6,75,-98.05045270483316,-1.900545890652078,-98.4768514625201,1311,130,-3.6971624917933856
5.0,0.3,1.0,82,-98.43835448915395,-1.9303067624379797,-98.8110175305708,1458,43,-3.721706392241523
3.0,0.25,0.6,82,-98.20721628995275,-1.9538377114319163,-98.61764916603394,1311,70,-3.723604520769451
3.0,0.2,1.0,78,-98.84885004153254,-2.0283399120371413,-99.10733397638,1573,75,-3.774123467989973
3.0,0.2,1.0,72,-98.86706318074023,-2.0388235105571493,-99.09828239982791,1573,146,-3.77883614684455
3.0,0.2,1.0,75,-98.87890483344763,-2.0430912242090415,-99.1075344709684,1573,104,-3.780926238099951
3.0,0.2,1.0,82,-98.89300793381489,-2.045830423205226,-99.13044645516048,1573,51,-3.7825137466620182
3.0,0.3,0.6,72,-98.9694801490492,-2.0796852922580586,-99.19400093616379,1507,204,-3.7985405241831907
3.0,0.3,0.6,75,-98.98176429905826,-2.08159656297754,-99.20674773151026,1507,156,-3.7997117973572943
3.0,0.3,0.6,78,-99.01059852709028,-2.094013151762892,-99.24920109817764,1507,119,-3.8056708198123985
3.0,0.25,0.8,78,-99.09942302991837,-2.1257674580353205,-99.30160597429473,1599,95,-3.8211944920345635
3.0,0.25,1.0,78,-99.15766906347201,-2.1288168554926643,-99.34360742552262,1701,95,-3.824287636377794
3.0,0.25,0.8,75,-99.12217929360759,-2.1399343010158067,-99.3012448011349,1599,130,-3.827542833617955
3.0,0.25,0.8,82,-99.13418420531063,-2.1431139988151298,-99.3198193998613,1599,70,-3.8292305838849545
3.0,0.25,0.8,72,-99.12813481645712,-2.145038039388091,-99.29448161746517,1599,175,-3.8297427051013453
3.0,0.25,1.0,75,-99.17915728054624,-2.14317286823461,-99.34338045737732,1701,130,-3.8306740070823624
3.0,0.25,1.0,82,-99.18993722720003,-2.1447235217375766,-99.3605960187672,1701,70,-3.831669313567333
3.0,0.3,0.6,82,-99.10142750209474,-2.153935086144695,-99.30926946999229,1507,92,-3.832544667930697
3.0,0.25,1.0,72,-99.19218692197752,-2.1516885708330675,-99.34340125322551,1701,175,-3.8344712397522294
3.0,0.3,0.8,78,-99.31118154230943,-2.2113662489715744,-99.46333349520778,1702,119,-3.8622719463435358
3.0,0.3,1.0,78,-99.38082294033525,-2.219725557934125,-99.52032133183903,1796,119,-3.8678758753792244
3.0,0.3,0.8,75,-99.32927697296896,-2.2260013088585553,-99.46353116979948,1702,156,-3.868669426241889
3.0,0.3,0.8,82,-99.33857041735845,-2.227698313818633,-99.47789322119446,1702,92,-3.8696701177117903
3.0,0.3,0.8,72,-99.33173839629812,-2.2300889045002474,-99.46325732002867,1702,204,-3.870377485649129
3.0,0.3,1.0,75,-99.39663763478234,-2.2339250196497162,-99.52006057424451,1796,156,-3.87402931862609
3.0,0.3,1.0,82,-99.40420433477458,-2.2348825661732494,-99.53226258775472,1796,92,-3.874675944275801
3.0,0.3,1.0,72,-99.39980932192593,-2.2385182404349195,-99.52060156684853,1796,204,-3.8759633805322915
